Año,Departamento,Región,Cultivo,Area_Sembrada_ha,Produccion_t,Rendimiento_t_ha,Fenomeno_ENSO
2007,Antioquia,Eje Cafetero,Café,161869.0,144698.0,0.8939,Normal
2007,Antioquia,Eje Cafetero,Plátano,47538.0,397501.0,8.3618,Normal
2007,Antioquia,Eje Cafetero,Aguacate,7772.0,86851.0,11.1744,Normal
2007,Caldas,Eje Cafetero,Café,145901.0,128401.0,0.8801,Normal
2007,Caldas,Eje Cafetero,Plátano,45793.0,391126.0,8.5412,Normal
2007,Caldas,Eje Cafetero,Aguacate,7420.0,97411.0,13.1278,Normal
2007,Risaralda,Eje Cafetero,Café,184975.0,142953.0,0.7728,Normal
2007,Risaralda,Eje Cafetero,Plátano,40202.0,308784.0,7.6808,Normal
2007,Risaralda,Eje Cafetero,Aguacate,8158.0,98377.0,12.0594,Normal
2007,Huila,Eje Cafetero,Café,164766.0,129467.0,0.7858,Normal
2007,Huila,Eje Cafetero,Plátano,45936.0,349515.0,7.6088,Normal
2007,Huila,Eje Cafetero,Aguacate,8126.0,94909.0,11.6793,Normal
2007,Nariño,Eje Cafetero,Café,165983.0,143869.0,0.8668,Normal
2007,Nariño,Eje Cafetero,Plátano,40440.0,332553.0,8.2233,Normal
2007,Nariño,Eje Cafetero,Aguacate,8907.0,97188.0,10.9115,Normal
2007,Córdoba,Región Caribe,Maíz,86335.0,133065.0,1.5413,Normal
2007,Córdoba,Región Caribe,Plátano,38645.0,345340.0,8.9362,Normal
2007,Córdoba,Región Caribe,Yuca,35819.0,372675.0,10.4045,Normal
2007,Sucre,Región Caribe,Maíz,78734.0,119458.0,1.5172,Normal
2007,Sucre,Región Caribe,Plátano,46901.0,379984.0,8.1019,Normal
2007,Sucre,Región Caribe,Yuca,27865.0,272813.0,9.7905,Normal
2007,Bolívar,Región Caribe,Maíz,71954.0,128443.0,1.7851,Normal
2007,Bolívar,Región Caribe,Plátano,41228.0,349060.0,8.4665,Normal
2007,Bolívar,Región Caribe,Yuca,29653.0,291768.0,9.8393,Normal
2007,Magdalena,Región Caribe,Maíz,84808.0,131114.0,1.546,Normal
2007,Magdalena,Región Caribe,Plátano,50706.0,438665.0,8.6512,Normal
2007,Magdalena,Región Caribe,Yuca,35572.0,376138.0,10.5739,Normal
2007,Meta,Llanos Orientales,Arroz,62406.0,345122.0,5.5303,Normal
2007,Meta,Llanos Orientales,Maíz,73311.0,113609.0,1.5497,Normal
2007,Meta,Llanos Orientales,Yuca,27141.0,256687.0,9.4576,Normal
2007,Casanare,Llanos Orientales,Arroz,58600.0,285195.0,4.8668,Normal
2007,Casanare,Llanos Orientales,Maíz,91885.0,147266.0,1.6027,Normal
2007,Casanare,Llanos Orientales,Yuca,29363.0,290216.0,9.8837,Normal
2007,Vichada,Llanos Orientales,Arroz,54094.0,292555.0,5.4082,Normal
2007,Vichada,Llanos Orientales,Maíz,72961.0,132109.0,1.8107,Normal
2007,Vichada,Llanos Orientales,Yuca,33995.0,313081.0,9.2095,Normal
2007,Tolima,Región Andina,Arroz,51632.0,279935.0,5.4218,Normal
2007,Tolima,Región Andina,Maíz,88827.0,153277.0,1.7256,Normal
2007,Tolima,Región Andina,Papa,35145.0,659093.0,18.7536,Normal
2007,Tolima,Región Andina,Aguacate,8299.0,91933.0,11.0781,Normal
2007,Tolima,Región Andina,Frijol,30496.0,29685.0,0.9734,Normal
2007,Cundinamarca,Región Andina,Arroz,57549.0,267883.0,4.6548,Normal
2007,Cundinamarca,Región Andina,Maíz,78894.0,125623.0,1.5923,Normal
2007,Cundinamarca,Región Andina,Papa,34739.0,731735.0,21.064,Normal
2007,Cundinamarca,Región Andina,Aguacate,9673.0,115436.0,11.9333,Normal
2007,Cundinamarca,Región Andina,Frijol,24362.0,24131.0,0.9905,Normal
2007,Boyacá,Región Andina,Arroz,65368.0,337463.0,5.1625,Normal
2007,Boyacá,Región Andina,Maíz,90435.0,149033.0,1.648,Normal
2007,Boyacá,Región Andina,Papa,32722.0,661073.0,20.2029,Normal
2007,Boyacá,Región Andina,Aguacate,7433.0,82198.0,11.0589,Normal
2007,Boyacá,Región Andina,Frijol,23634.0,23065.0,0.9759,Normal
2007,Valle del Cauca,Valle del Cauca,Arroz,57249.0,292468.0,5.1087,Normal
2007,Valle del Cauca,Valle del Cauca,Caña de Azúcar,269345.0,24509416.0,90.9964,Normal
2007,Cauca,Región Andina,Arroz,58995.0,316253.0,5.3607,Normal
2007,Cauca,Región Andina,Maíz,76832.0,116047.0,1.5104,Normal
2007,Cauca,Región Andina,Papa,30450.0,581932.0,19.111,Normal
2007,Cauca,Región Andina,Aguacate,9784.0,124642.0,12.7395,Normal
2007,Cauca,Región Andina,Frijol,28601.0,29189.0,1.0206,Normal
2008,Antioquia,Eje Cafetero,Café,183523.0,141056.0,0.7686,Normal
2008,Antioquia,Eje Cafetero,Plátano,49679.0,410570.0,8.2645,Normal
2008,Antioquia,Eje Cafetero,Aguacate,9466.0,122591.0,12.9506,Normal
2008,Caldas,Eje Cafetero,Café,159016.0,120224.0,0.756,Normal
2008,Caldas,Eje Cafetero,Plátano,40817.0,329819.0,8.0805,Normal
2008,Caldas,Eje Cafetero,Aguacate,9494.0,122141.0,12.8658,Normal
2008,Risaralda,Eje Cafetero,Café,143321.0,117776.0,0.8218,Normal
2008,Risaralda,Eje Cafetero,Plátano,43343.0,335661.0,7.7443,Normal
2008,Risaralda,Eje Cafetero,Aguacate,7678.0,89147.0,11.6103,Normal
2008,Huila,Eje Cafetero,Café,190549.0,150725.0,0.791,Normal
2008,Huila,Eje Cafetero,Plátano,44695.0,381380.0,8.533,Normal
2008,Huila,Eje Cafetero,Aguacate,8312.0,109157.0,13.1323,Normal
2008,Nariño,Eje Cafetero,Café,191535.0,149262.0,0.7793,Normal
2008,Nariño,Eje Cafetero,Plátano,44408.0,349642.0,7.8734,Normal
2008,Nariño,Eje Cafetero,Aguacate,8107.0,88276.0,10.8885,Normal
2008,Córdoba,Región Caribe,Maíz,86385.0,142612.0,1.6509,Normal
2008,Córdoba,Región Caribe,Plátano,38464.0,301443.0,7.837,Normal
2008,Córdoba,Región Caribe,Yuca,35278.0,327716.0,9.2895,Normal
2008,Sucre,Región Caribe,Maíz,74726.0,123039.0,1.6465,Normal
2008,Sucre,Región Caribe,Plátano,50920.0,396002.0,7.777,Normal
2008,Sucre,Región Caribe,Yuca,33052.0,340853.0,10.3128,Normal
2008,Bolívar,Región Caribe,Maíz,77053.0,132941.0,1.7253,Normal
2008,Bolívar,Región Caribe,Plátano,42682.0,359250.0,8.417,Normal
2008,Bolívar,Región Caribe,Yuca,32688.0,322630.0,9.8701,Normal
2008,Magdalena,Región Caribe,Maíz,73356.0,129155.0,1.7606,Normal
2008,Magdalena,Región Caribe,Plátano,42055.0,323229.0,7.6859,Normal
2008,Magdalena,Región Caribe,Yuca,27099.0,270395.0,9.9782,Normal
2008,Meta,Llanos Orientales,Arroz,63854.0,294172.0,4.6069,Normal
2008,Meta,Llanos Orientales,Maíz,83940.0,130925.0,1.5597,Normal
2008,Meta,Llanos Orientales,Yuca,32797.0,300481.0,9.1618,Normal
2008,Casanare,Llanos Orientales,Arroz,64098.0,319493.0,4.9845,Normal
2008,Casanare,Llanos Orientales,Maíz,94594.0,144765.0,1.5304,Normal
2008,Casanare,Llanos Orientales,Yuca,29930.0,270640.0,9.0424,Normal
2008,Vichada,Llanos Orientales,Arroz,68349.0,374887.0,5.4849,Normal
2008,Vichada,Llanos Orientales,Maíz,77563.0,132074.0,1.7028,Normal
2008,Vichada,Llanos Orientales,Yuca,34420.0,341035.0,9.9082,Normal
2008,Tolima,Región Andina,Arroz,61164.0,295833.0,4.8367,Normal
2008,Tolima,Región Andina,Maíz,73427.0,130779.0,1.7811,Normal
2008,Tolima,Región Andina,Papa,36404.0,766150.0,21.0457,Normal
2008,Tolima,Región Andina,Aguacate,8248.0,95993.0,11.6381,Normal
2008,Tolima,Región Andina,Frijol,29364.0,30111.0,1.0255,Normal
2008,Cundinamarca,Región Andina,Arroz,67665.0,364409.0,5.3855,Normal
2008,Cundinamarca,Región Andina,Maíz,87200.0,131913.0,1.5128,Normal
2008,Cundinamarca,Región Andina,Papa,29201.0,646334.0,22.1341,Normal
2008,Cundinamarca,Región Andina,Aguacate,8943.0,96786.0,10.8221,Normal
2008,Cundinamarca,Región Andina,Frijol,24212.0,23754.0,0.9811,Normal
2008,Boyacá,Región Andina,Arroz,51623.0,245418.0,4.754,Normal
2008,Boyacá,Región Andina,Maíz,84859.0,145391.0,1.7133,Normal
2008,Boyacá,Región Andina,Papa,33982.0,658207.0,19.3695,Normal
2008,Boyacá,Región Andina,Aguacate,9218.0,104807.0,11.3694,Normal
2008,Boyacá,Región Andina,Frijol,26060.0,25977.0,0.9968,Normal
2008,Valle del Cauca,Valle del Cauca,Arroz,63346.0,345631.0,5.4562,Normal
2008,Valle del Cauca,Valle del Cauca,Caña de Azúcar,251348.0,24408113.0,97.1088,Normal
2008,Cauca,Región Andina,Arroz,53235.0,264315.0,4.9651,Normal
2008,Cauca,Región Andina,Maíz,77745.0,121711.0,1.5655,Normal
2008,Cauca,Región Andina,Papa,37112.0,744527.0,20.0617,Normal
2008,Cauca,Región Andina,Aguacate,9686.0,119280.0,12.3147,Normal
2008,Cauca,Región Andina,Frijol,29932.0,28451.0,0.9505,Normal
2009,Antioquia,Eje Cafetero,Café,172081.0,101444.0,0.5895,El Niño
2009,Antioquia,Eje Cafetero,Plátano,40381.0,249016.0,6.1667,El Niño
2009,Antioquia,Eje Cafetero,Aguacate,8097.0,63300.0,7.818,El Niño
2009,Caldas,Eje Cafetero,Café,175541.0,96946.0,0.5523,El Niño
2009,Caldas,Eje Cafetero,Plátano,50317.0,324043.0,6.44,El Niño
2009,Caldas,Eje Cafetero,Aguacate,9745.0,82013.0,8.4156,El Niño
2009,Risaralda,Eje Cafetero,Café,143750.0,92140.0,0.641,El Niño
2009,Risaralda,Eje Cafetero,Plátano,43487.0,280709.0,6.455,El Niño
2009,Risaralda,Eje Cafetero,Aguacate,9872.0,91317.0,9.25,El Niño
2009,Huila,Eje Cafetero,Café,157828.0,91040.0,0.5768,El Niño
2009,Huila,Eje Cafetero,Plátano,49126.0,279421.0,5.6878,El Niño
2009,Huila,Eje Cafetero,Aguacate,7807.0,68222.0,8.7382,El Niño
2009,Nariño,Eje Cafetero,Café,190208.0,116702.0,0.6135,El Niño
2009,Nariño,Eje Cafetero,Plátano,45379.0,246331.0,5.4283,El Niño
2009,Nariño,Eje Cafetero,Aguacate,8966.0,85056.0,9.4868,El Niño
2009,Córdoba,Región Caribe,Maíz,74606.0,88957.0,1.1924,El Niño
2009,Córdoba,Región Caribe,Plátano,49476.0,306173.0,6.1883,El Niño
2009,Córdoba,Región Caribe,Yuca,33286.0,244378.0,7.3417,El Niño
2009,Sucre,Región Caribe,Maíz,80111.0,91243.0,1.139,El Niño
2009,Sucre,Región Caribe,Plátano,48569.0,304538.0,6.2702,El Niño
2009,Sucre,Región Caribe,Yuca,34890.0,266527.0,7.6392,El Niño
2009,Bolívar,Región Caribe,Maíz,83921.0,99728.0,1.1884,El Niño
2009,Bolívar,Región Caribe,Plátano,48422.0,294456.0,6.0811,El Niño
2009,Bolívar,Región Caribe,Yuca,33333.0,249110.0,7.4734,El Niño
2009,Magdalena,Región Caribe,Maíz,93422.0,107389.0,1.1495,El Niño
2009,Magdalena,Región Caribe,Plátano,42786.0,232093.0,5.4246,El Niño
2009,Magdalena,Región Caribe,Yuca,32167.0,205903.0,6.4011,El Niño
2009,Meta,Llanos Orientales,Arroz,59999.0,222197.0,3.7033,El Niño
2009,Meta,Llanos Orientales,Maíz,78280.0,94687.0,1.2096,El Niño
2009,Meta,Llanos Orientales,Yuca,27002.0,172896.0,6.4031,El Niño
2009,Casanare,Llanos Orientales,Arroz,66492.0,237333.0,3.5693,El Niño
2009,Casanare,Llanos Orientales,Maíz,74279.0,88636.0,1.1933,El Niño
2009,Casanare,Llanos Orientales,Yuca,33974.0,226097.0,6.655,El Niño
2009,Vichada,Llanos Orientales,Arroz,62860.0,211680.0,3.3675,El Niño
2009,Vichada,Llanos Orientales,Maíz,72388.0,86536.0,1.1954,El Niño
2009,Vichada,Llanos Orientales,Yuca,31812.0,230633.0,7.2499,El Niño
2009,Tolima,Región Andina,Arroz,64737.0,260338.0,4.0215,El Niño
2009,Tolima,Región Andina,Maíz,84045.0,96310.0,1.1459,El Niño
2009,Tolima,Región Andina,Papa,35378.0,498247.0,14.0835,El Niño
2009,Tolima,Región Andina,Aguacate,8508.0,67312.0,7.9116,El Niño
2009,Tolima,Región Andina,Frijol,23584.0,17624.0,0.7473,El Niño
2009,Cundinamarca,Región Andina,Arroz,66736.0,254658.0,3.8159,El Niño
2009,Cundinamarca,Región Andina,Maíz,81352.0,90331.0,1.1104,El Niño
2009,Cundinamarca,Región Andina,Papa,29150.0,408766.0,14.0227,El Niño
2009,Cundinamarca,Región Andina,Aguacate,8795.0,79247.0,9.0108,El Niño
2009,Cundinamarca,Región Andina,Frijol,28822.0,18846.0,0.6539,El Niño
2009,Boyacá,Región Andina,Arroz,68898.0,265030.0,3.8467,El Niño
2009,Boyacá,Región Andina,Maíz,85000.0,103237.0,1.2145,El Niño
2009,Boyacá,Región Andina,Papa,31716.0,444511.0,14.0153,El Niño
2009,Boyacá,Región Andina,Aguacate,8292.0,75339.0,9.0856,El Niño
2009,Boyacá,Región Andina,Frijol,23494.0,14836.0,0.6315,El Niño
2009,Valle del Cauca,Valle del Cauca,Arroz,52368.0,174632.0,3.3347,El Niño
2009,Valle del Cauca,Valle del Cauca,Caña de Azúcar,265593.0,19065738.0,71.7855,El Niño
2009,Cauca,Región Andina,Arroz,60155.0,203123.0,3.3766,El Niño
2009,Cauca,Región Andina,Maíz,83426.0,98584.0,1.1817,El Niño
2009,Cauca,Región Andina,Papa,29314.0,426946.0,14.5647,El Niño
2009,Cauca,Región Andina,Aguacate,8403.0,74282.0,8.8402,El Niño
2009,Cauca,Región Andina,Frijol,28615.0,17792.0,0.6218,El Niño
2010,Antioquia,Eje Cafetero,Café,161873.0,97975.0,0.6053,El Niño
2010,Antioquia,Eje Cafetero,Plátano,44486.0,281373.0,6.3249,El Niño
2010,Antioquia,Eje Cafetero,Aguacate,9079.0,73157.0,8.0576,El Niño
2010,Caldas,Eje Cafetero,Café,146531.0,88976.0,0.6072,El Niño
2010,Caldas,Eje Cafetero,Plátano,38131.0,228989.0,6.0053,El Niño
2010,Caldas,Eje Cafetero,Aguacate,9811.0,86049.0,8.7704,El Niño
2010,Risaralda,Eje Cafetero,Café,162557.0,98724.0,0.6073,El Niño
2010,Risaralda,Eje Cafetero,Plátano,43888.0,261478.0,5.9579,El Niño
2010,Risaralda,Eje Cafetero,Aguacate,9814.0,82865.0,8.4432,El Niño
2010,Huila,Eje Cafetero,Café,191472.0,122209.0,0.6383,El Niño
2010,Huila,Eje Cafetero,Plátano,40388.0,217915.0,5.3955,El Niño
2010,Huila,Eje Cafetero,Aguacate,7629.0,59561.0,7.8075,El Niño
2010,Nariño,Eje Cafetero,Café,147736.0,90416.0,0.612,El Niño
2010,Nariño,Eje Cafetero,Plátano,38727.0,220366.0,5.6902,El Niño
2010,Nariño,Eje Cafetero,Aguacate,9563.0,74749.0,7.8162,El Niño
2010,Córdoba,Región Caribe,Maíz,91527.0,103990.0,1.1362,El Niño
2010,Córdoba,Región Caribe,Plátano,39353.0,241484.0,6.1363,El Niño
2010,Córdoba,Región Caribe,Yuca,32644.0,247728.0,7.5887,El Niño
2010,Sucre,Región Caribe,Maíz,89535.0,112823.0,1.2601,El Niño
2010,Sucre,Región Caribe,Plátano,41538.0,229421.0,5.5231,El Niño
2010,Sucre,Región Caribe,Yuca,33792.0,253065.0,7.489,El Niño
2010,Bolívar,Región Caribe,Maíz,95944.0,111989.0,1.1672,El Niño
2010,Bolívar,Región Caribe,Plátano,42738.0,266274.0,6.2304,El Niño
2010,Bolívar,Región Caribe,Yuca,29928.0,229361.0,7.6639,El Niño
2010,Magdalena,Región Caribe,Maíz,92629.0,108481.0,1.1711,El Niño
2010,Magdalena,Región Caribe,Plátano,47789.0,296512.0,6.2046,El Niño
2010,Magdalena,Región Caribe,Yuca,27687.0,211085.0,7.6241,El Niño
2010,Meta,Llanos Orientales,Arroz,60721.0,237524.0,3.9118,El Niño
2010,Meta,Llanos Orientales,Maíz,79121.0,101432.0,1.282,El Niño
2010,Meta,Llanos Orientales,Yuca,30384.0,193415.0,6.3657,El Niño
2010,Casanare,Llanos Orientales,Arroz,67998.0,229278.0,3.3718,El Niño
2010,Casanare,Llanos Orientales,Maíz,79103.0,102433.0,1.2949,El Niño
2010,Casanare,Llanos Orientales,Yuca,35677.0,255435.0,7.1596,El Niño
2010,Vichada,Llanos Orientales,Arroz,63023.0,229034.0,3.6341,El Niño
2010,Vichada,Llanos Orientales,Maíz,78448.0,90002.0,1.1473,El Niño
2010,Vichada,Llanos Orientales,Yuca,33055.0,245010.0,7.4122,El Niño
2010,Tolima,Región Andina,Arroz,65928.0,256111.0,3.8847,El Niño
2010,Tolima,Región Andina,Maíz,73379.0,87077.0,1.1867,El Niño
2010,Tolima,Región Andina,Papa,28186.0,420149.0,14.9062,El Niño
2010,Tolima,Región Andina,Aguacate,8515.0,79271.0,9.31,El Niño
2010,Tolima,Región Andina,Frijol,26270.0,16593.0,0.6316,El Niño
2010,Cundinamarca,Región Andina,Arroz,54132.0,209169.0,3.8641,El Niño
2010,Cundinamarca,Región Andina,Maíz,86603.0,94676.0,1.0932,El Niño
2010,Cundinamarca,Región Andina,Papa,28445.0,436724.0,15.3533,El Niño
2010,Cundinamarca,Región Andina,Aguacate,7556.0,69485.0,9.1962,El Niño
2010,Cundinamarca,Región Andina,Frijol,29201.0,18301.0,0.6267,El Niño
2010,Boyacá,Región Andina,Arroz,53074.0,213857.0,4.0294,El Niño
2010,Boyacá,Región Andina,Maíz,80482.0,93139.0,1.1573,El Niño
2010,Boyacá,Región Andina,Papa,35550.0,571651.0,16.0803,El Niño
2010,Boyacá,Región Andina,Aguacate,9930.0,90145.0,9.0778,El Niño
2010,Boyacá,Región Andina,Frijol,26479.0,16603.0,0.627,El Niño
2010,Valle del Cauca,Valle del Cauca,Arroz,65666.0,243941.0,3.7149,El Niño
2010,Valle del Cauca,Valle del Cauca,Caña de Azúcar,234544.0,17492698.0,74.5817,El Niño
2010,Cauca,Región Andina,Arroz,53554.0,196359.0,3.6666,El Niño
2010,Cauca,Región Andina,Maíz,71376.0,84263.0,1.1806,El Niño
2010,Cauca,Región Andina,Papa,28174.0,384145.0,13.6348,El Niño
2010,Cauca,Región Andina,Aguacate,7672.0,68266.0,8.8978,El Niño
2010,Cauca,Región Andina,Frijol,29530.0,20535.0,0.6954,El Niño
2011,Antioquia,Eje Cafetero,Café,191521.0,134743.0,0.7035,La Niña
2011,Antioquia,Eje Cafetero,Plátano,41587.0,322217.0,7.748,La Niña
2011,Antioquia,Eje Cafetero,Aguacate,7948.0,91707.0,11.5383,La Niña
2011,Caldas,Eje Cafetero,Café,143583.0,113347.0,0.7894,La Niña
2011,Caldas,Eje Cafetero,Plátano,38353.0,298407.0,7.7805,La Niña
2011,Caldas,Eje Cafetero,Aguacate,8739.0,101379.0,11.6011,La Niña
2011,Risaralda,Eje Cafetero,Café,146694.0,106994.0,0.7294,La Niña
2011,Risaralda,Eje Cafetero,Plátano,50702.0,367554.0,7.2493,La Niña
2011,Risaralda,Eje Cafetero,Aguacate,9003.0,98795.0,10.9734,La Niña
2011,Huila,Eje Cafetero,Café,165906.0,122772.0,0.74,La Niña
2011,Huila,Eje Cafetero,Plátano,45569.0,355205.0,7.795,La Niña
2011,Huila,Eje Cafetero,Aguacate,7485.0,75577.0,10.0974,La Niña
2011,Nariño,Eje Cafetero,Café,190928.0,148527.0,0.7779,La Niña
2011,Nariño,Eje Cafetero,Plátano,43853.0,324048.0,7.3894,La Niña
2011,Nariño,Eje Cafetero,Aguacate,8088.0,80080.0,9.9013,La Niña
2011,Córdoba,Región Caribe,Maíz,82726.0,116594.0,1.4094,La Niña
2011,Córdoba,Región Caribe,Plátano,45560.0,300995.0,6.6066,La Niña
2011,Córdoba,Región Caribe,Yuca,35901.0,339722.0,9.4626,La Niña
2011,Sucre,Región Caribe,Maíz,88608.0,129588.0,1.4625,La Niña
2011,Sucre,Región Caribe,Plátano,41905.0,321363.0,7.6689,La Niña
2011,Sucre,Región Caribe,Yuca,33170.0,266758.0,8.0421,La Niña
2011,Bolívar,Región Caribe,Maíz,93947.0,145210.0,1.5457,La Niña
2011,Bolívar,Región Caribe,Plátano,50442.0,380420.0,7.5418,La Niña
2011,Bolívar,Región Caribe,Yuca,32498.0,275679.0,8.483,La Niña
2011,Magdalena,Región Caribe,Maíz,94494.0,147250.0,1.5583,La Niña
2011,Magdalena,Región Caribe,Plátano,38381.0,250720.0,6.5325,La Niña
2011,Magdalena,Región Caribe,Yuca,30264.0,277206.0,9.1596,La Niña
2011,Meta,Llanos Orientales,Arroz,69487.0,290055.0,4.1742,La Niña
2011,Meta,Llanos Orientales,Maíz,85998.0,121895.0,1.4174,La Niña
2011,Meta,Llanos Orientales,Yuca,35859.0,330410.0,9.2141,La Niña
2011,Casanare,Llanos Orientales,Arroz,66778.0,297825.0,4.4599,La Niña
2011,Casanare,Llanos Orientales,Maíz,81499.0,112974.0,1.3862,La Niña
2011,Casanare,Llanos Orientales,Yuca,27246.0,252108.0,9.2531,La Niña
2011,Vichada,Llanos Orientales,Arroz,66316.0,327371.0,4.9365,La Niña
2011,Vichada,Llanos Orientales,Maíz,96097.0,141080.0,1.4681,La Niña
2011,Vichada,Llanos Orientales,Yuca,33965.0,318967.0,9.3911,La Niña
2011,Tolima,Región Andina,Arroz,66984.0,285434.0,4.2612,La Niña
2011,Tolima,Región Andina,Maíz,82395.0,110765.0,1.3443,La Niña
2011,Tolima,Región Andina,Papa,36927.0,680309.0,18.4231,La Niña
2011,Tolima,Región Andina,Aguacate,7961.0,86957.0,10.9226,La Niña
2011,Tolima,Región Andina,Frijol,28475.0,23129.0,0.8123,La Niña
2011,Cundinamarca,Región Andina,Arroz,53597.0,248796.0,4.642,La Niña
2011,Cundinamarca,Región Andina,Maíz,84146.0,128834.0,1.5311,La Niña
2011,Cundinamarca,Región Andina,Papa,32697.0,631393.0,19.3107,La Niña
2011,Cundinamarca,Región Andina,Aguacate,8802.0,94078.0,10.6887,La Niña
2011,Cundinamarca,Región Andina,Frijol,30607.0,25094.0,0.8199,La Niña
2011,Boyacá,Región Andina,Arroz,53969.0,219384.0,4.065,La Niña
2011,Boyacá,Región Andina,Maíz,90038.0,133881.0,1.4869,La Niña
2011,Boyacá,Región Andina,Papa,34490.0,586477.0,17.0044,La Niña
2011,Boyacá,Región Andina,Aguacate,7721.0,73620.0,9.5347,La Niña
2011,Boyacá,Región Andina,Frijol,26267.0,22354.0,0.851,La Niña
2011,Valle del Cauca,Valle del Cauca,Arroz,58665.0,259997.0,4.4319,La Niña
2011,Valle del Cauca,Valle del Cauca,Caña de Azúcar,269099.0,21997658.0,81.7455,La Niña
2011,Cauca,Región Andina,Arroz,60879.0,288727.0,4.7426,La Niña
2011,Cauca,Región Andina,Maíz,81041.0,120544.0,1.4875,La Niña
2011,Cauca,Región Andina,Papa,36033.0,708477.0,19.6619,La Niña
2011,Cauca,Región Andina,Aguacate,7749.0,88812.0,11.461,La Niña
2011,Cauca,Región Andina,Frijol,27435.0,21827.0,0.7956,La Niña
2012,Antioquia,Eje Cafetero,Café,166138.0,131395.0,0.7909,La Niña
2012,Antioquia,Eje Cafetero,Plátano,44346.0,309041.0,6.9689,La Niña
2012,Antioquia,Eje Cafetero,Aguacate,9014.0,90236.0,10.0112,La Niña
2012,Caldas,Eje Cafetero,Café,146798.0,98067.0,0.668,La Niña
2012,Caldas,Eje Cafetero,Plátano,39485.0,265088.0,6.7136,La Niña
2012,Caldas,Eje Cafetero,Aguacate,7728.0,83903.0,10.8575,La Niña
2012,Risaralda,Eje Cafetero,Café,152148.0,106401.0,0.6993,La Niña
2012,Risaralda,Eje Cafetero,Plátano,49735.0,357018.0,7.1784,La Niña
2012,Risaralda,Eje Cafetero,Aguacate,9102.0,89821.0,9.8679,La Niña
2012,Huila,Eje Cafetero,Café,152673.0,100052.0,0.6553,La Niña
2012,Huila,Eje Cafetero,Plátano,40030.0,276067.0,6.8965,La Niña
2012,Huila,Eje Cafetero,Aguacate,7827.0,75853.0,9.6913,La Niña
2012,Nariño,Eje Cafetero,Café,149057.0,106716.0,0.7159,La Niña
2012,Nariño,Eje Cafetero,Plátano,40529.0,284517.0,7.0201,La Niña
2012,Nariño,Eje Cafetero,Aguacate,8676.0,95102.0,10.9621,La Niña
2012,Córdoba,Región Caribe,Maíz,72077.0,110923.0,1.5389,La Niña
2012,Córdoba,Región Caribe,Plátano,46150.0,305161.0,6.6124,La Niña
2012,Córdoba,Región Caribe,Yuca,34951.0,326788.0,9.3499,La Niña
2012,Sucre,Región Caribe,Maíz,72623.0,100744.0,1.3872,La Niña
2012,Sucre,Región Caribe,Plátano,48527.0,367558.0,7.5743,La Niña
2012,Sucre,Región Caribe,Yuca,28454.0,231123.0,8.1227,La Niña
2012,Bolívar,Región Caribe,Maíz,80386.0,116360.0,1.4475,La Niña
2012,Bolívar,Región Caribe,Plátano,46021.0,323382.0,7.0268,La Niña
2012,Bolívar,Región Caribe,Yuca,31075.0,281258.0,9.0508,La Niña
2012,Magdalena,Región Caribe,Maíz,72011.0,99383.0,1.3801,La Niña
2012,Magdalena,Región Caribe,Plátano,47289.0,368210.0,7.7864,La Niña
2012,Magdalena,Región Caribe,Yuca,31539.0,273736.0,8.6794,La Niña
2012,Meta,Llanos Orientales,Arroz,53480.0,237496.0,4.4408,La Niña
2012,Meta,Llanos Orientales,Maíz,84455.0,116312.0,1.3772,La Niña
2012,Meta,Llanos Orientales,Yuca,29253.0,246085.0,8.4123,La Niña
2012,Casanare,Llanos Orientales,Arroz,51896.0,224623.0,4.3283,La Niña
2012,Casanare,Llanos Orientales,Maíz,76396.0,107100.0,1.4019,La Niña
2012,Casanare,Llanos Orientales,Yuca,27843.0,258877.0,9.2976,La Niña
2012,Vichada,Llanos Orientales,Arroz,62327.0,289744.0,4.6488,La Niña
2012,Vichada,Llanos Orientales,Maíz,90892.0,131934.0,1.4515,La Niña
2012,Vichada,Llanos Orientales,Yuca,27534.0,239214.0,8.688,La Niña
2012,Tolima,Región Andina,Arroz,62204.0,292877.0,4.7083,La Niña
2012,Tolima,Región Andina,Maíz,81922.0,110090.0,1.3438,La Niña
2012,Tolima,Región Andina,Papa,30392.0,533255.0,17.546,La Niña
2012,Tolima,Región Andina,Aguacate,9046.0,96879.0,10.7095,La Niña
2012,Tolima,Región Andina,Frijol,26313.0,24138.0,0.9173,La Niña
2012,Cundinamarca,Región Andina,Arroz,62549.0,265966.0,4.2521,La Niña
2012,Cundinamarca,Región Andina,Maíz,73645.0,99508.0,1.3512,La Niña
2012,Cundinamarca,Región Andina,Papa,30023.0,504860.0,16.8157,La Niña
2012,Cundinamarca,Región Andina,Aguacate,7852.0,79351.0,10.1061,La Niña
2012,Cundinamarca,Región Andina,Frijol,24805.0,22383.0,0.9023,La Niña
2012,Boyacá,Región Andina,Arroz,52991.0,238987.0,4.51,La Niña
2012,Boyacá,Región Andina,Maíz,81388.0,129577.0,1.5921,La Niña
2012,Boyacá,Región Andina,Papa,28717.0,507478.0,17.6715,La Niña
2012,Boyacá,Región Andina,Aguacate,9887.0,112042.0,11.332,La Niña
2012,Boyacá,Región Andina,Frijol,30116.0,23958.0,0.7955,La Niña
2012,Valle del Cauca,Valle del Cauca,Arroz,54639.0,253492.0,4.6394,La Niña
2012,Valle del Cauca,Valle del Cauca,Caña de Azúcar,270915.0,23098508.0,85.2611,La Niña
2012,Cauca,Región Andina,Arroz,61927.0,265700.0,4.2905,La Niña
2012,Cauca,Región Andina,Maíz,90398.0,123043.0,1.3611,La Niña
2012,Cauca,Región Andina,Papa,30781.0,547006.0,17.771,La Niña
2012,Cauca,Región Andina,Aguacate,8686.0,87003.0,10.016,La Niña
2012,Cauca,Región Andina,Frijol,24322.0,20783.0,0.8545,La Niña
2013,Antioquia,Eje Cafetero,Café,157534.0,131277.0,0.8333,Normal
2013,Antioquia,Eje Cafetero,Plátano,39836.0,325423.0,8.1691,Normal
2013,Antioquia,Eje Cafetero,Aguacate,8751.0,95604.0,10.9244,Normal
2013,Caldas,Eje Cafetero,Café,159955.0,121573.0,0.76,Normal
2013,Caldas,Eje Cafetero,Plátano,38623.0,347742.0,9.0035,Normal
2013,Caldas,Eje Cafetero,Aguacate,8205.0,104559.0,12.7437,Normal
2013,Risaralda,Eje Cafetero,Café,155819.0,132410.0,0.8498,Normal
2013,Risaralda,Eje Cafetero,Plátano,47914.0,400411.0,8.3568,Normal
2013,Risaralda,Eje Cafetero,Aguacate,8593.0,101295.0,11.7884,Normal
2013,Huila,Eje Cafetero,Café,160574.0,142982.0,0.8904,Normal
2013,Huila,Eje Cafetero,Plátano,48853.0,437849.0,8.9626,Normal
2013,Huila,Eje Cafetero,Aguacate,7690.0,96539.0,12.5541,Normal
2013,Nariño,Eje Cafetero,Café,190319.0,146112.0,0.7677,Normal
2013,Nariño,Eje Cafetero,Plátano,38664.0,332337.0,8.5954,Normal
2013,Nariño,Eje Cafetero,Aguacate,8860.0,113592.0,12.8204,Normal
2013,Córdoba,Región Caribe,Maíz,74598.0,130355.0,1.7474,Normal
2013,Córdoba,Región Caribe,Plátano,40466.0,309501.0,7.6484,Normal
2013,Córdoba,Región Caribe,Yuca,28263.0,294404.0,10.4166,Normal
2013,Sucre,Región Caribe,Maíz,87781.0,145507.0,1.6576,Normal
2013,Sucre,Región Caribe,Plátano,42562.0,375339.0,8.8186,Normal
2013,Sucre,Región Caribe,Yuca,30414.0,316935.0,10.4205,Normal
2013,Bolívar,Región Caribe,Maíz,82109.0,132146.0,1.6094,Normal
2013,Bolívar,Región Caribe,Plátano,43947.0,346049.0,7.8743,Normal
2013,Bolívar,Región Caribe,Yuca,33763.0,331059.0,9.8053,Normal
2013,Magdalena,Región Caribe,Maíz,76917.0,137056.0,1.7819,Normal
2013,Magdalena,Región Caribe,Plátano,42896.0,354814.0,8.2714,Normal
2013,Magdalena,Región Caribe,Yuca,35261.0,354144.0,10.0435,Normal
2013,Meta,Llanos Orientales,Arroz,53657.0,297725.0,5.5486,Normal
2013,Meta,Llanos Orientales,Maíz,86841.0,138556.0,1.5955,Normal
2013,Meta,Llanos Orientales,Yuca,28027.0,290821.0,10.3763,Normal
2013,Casanare,Llanos Orientales,Arroz,62809.0,322469.0,5.1341,Normal
2013,Casanare,Llanos Orientales,Maíz,93519.0,163214.0,1.7452,Normal
2013,Casanare,Llanos Orientales,Yuca,28144.0,265429.0,9.431,Normal
2013,Vichada,Llanos Orientales,Arroz,56051.0,299805.0,5.3488,Normal
2013,Vichada,Llanos Orientales,Maíz,71932.0,120347.0,1.6731,Normal
2013,Vichada,Llanos Orientales,Yuca,33903.0,357287.0,10.5385,Normal
2013,Tolima,Región Andina,Arroz,57753.0,313464.0,5.4277,Normal
2013,Tolima,Región Andina,Maíz,73867.0,130325.0,1.7643,Normal
2013,Tolima,Región Andina,Papa,28868.0,579637.0,20.0789,Normal
2013,Tolima,Región Andina,Aguacate,9440.0,105344.0,11.1598,Normal
2013,Tolima,Región Andina,Frijol,25266.0,25070.0,0.9922,Normal
2013,Cundinamarca,Región Andina,Arroz,64627.0,338902.0,5.244,Normal
2013,Cundinamarca,Región Andina,Maíz,88503.0,147277.0,1.6641,Normal
2013,Cundinamarca,Región Andina,Papa,30080.0,597611.0,19.8674,Normal
2013,Cundinamarca,Región Andina,Aguacate,7839.0,101750.0,12.9803,Normal
2013,Cundinamarca,Región Andina,Frijol,28188.0,26248.0,0.9312,Normal
2013,Boyacá,Región Andina,Arroz,59934.0,333007.0,5.5562,Normal
2013,Boyacá,Región Andina,Maíz,74939.0,125781.0,1.6785,Normal
2013,Boyacá,Región Andina,Papa,32557.0,682305.0,20.957,Normal
2013,Boyacá,Región Andina,Aguacate,7414.0,95586.0,12.8931,Normal
2013,Boyacá,Región Andina,Frijol,31065.0,29896.0,0.9624,Normal
2013,Valle del Cauca,Valle del Cauca,Arroz,64202.0,355096.0,5.5309,Normal
2013,Valle del Cauca,Valle del Cauca,Caña de Azúcar,254921.0,22724349.0,89.1426,Normal
2013,Cauca,Región Andina,Arroz,62012.0,323014.0,5.2088,Normal
2013,Cauca,Región Andina,Maíz,81733.0,141236.0,1.728,Normal
2013,Cauca,Región Andina,Papa,36735.0,817166.0,22.2448,Normal
2013,Cauca,Región Andina,Aguacate,8539.0,94540.0,11.0718,Normal
2013,Cauca,Región Andina,Frijol,31500.0,31953.0,1.0144,Normal
2014,Antioquia,Eje Cafetero,Café,149260.0,132695.0,0.889,Normal
2014,Antioquia,Eje Cafetero,Plátano,49376.0,406412.0,8.2309,Normal
2014,Antioquia,Eje Cafetero,Aguacate,8904.0,104690.0,11.7576,Normal
2014,Caldas,Eje Cafetero,Café,145733.0,115562.0,0.793,Normal
2014,Caldas,Eje Cafetero,Plátano,48482.0,358169.0,7.3876,Normal
2014,Caldas,Eje Cafetero,Aguacate,8234.0,96793.0,11.7556,Normal
2014,Risaralda,Eje Cafetero,Café,170087.0,151183.0,0.8889,Normal
2014,Risaralda,Eje Cafetero,Plátano,42396.0,337004.0,7.949,Normal
2014,Risaralda,Eje Cafetero,Aguacate,9284.0,110345.0,11.8853,Normal
2014,Huila,Eje Cafetero,Café,154304.0,125325.0,0.8122,Normal
2014,Huila,Eje Cafetero,Plátano,39656.0,304132.0,7.6693,Normal
2014,Huila,Eje Cafetero,Aguacate,8662.0,102264.0,11.8054,Normal
2014,Nariño,Eje Cafetero,Café,189133.0,150821.0,0.7974,Normal
2014,Nariño,Eje Cafetero,Plátano,45519.0,383129.0,8.4169,Normal
2014,Nariño,Eje Cafetero,Aguacate,7401.0,91713.0,12.3925,Normal
2014,Córdoba,Región Caribe,Maíz,75558.0,136167.0,1.8022,Normal
2014,Córdoba,Región Caribe,Plátano,39760.0,320465.0,8.06,Normal
2014,Córdoba,Región Caribe,Yuca,27519.0,296486.0,10.7739,Normal
2014,Sucre,Región Caribe,Maíz,83691.0,140725.0,1.6815,Normal
2014,Sucre,Región Caribe,Plátano,38672.0,332965.0,8.6099,Normal
2014,Sucre,Región Caribe,Yuca,28693.0,303581.0,10.5802,Normal
2014,Bolívar,Región Caribe,Maíz,76238.0,118011.0,1.5479,Normal
2014,Bolívar,Región Caribe,Plátano,38265.0,312021.0,8.1542,Normal
2014,Bolívar,Región Caribe,Yuca,32040.0,286719.0,8.9488,Normal
2014,Magdalena,Región Caribe,Maíz,90550.0,148011.0,1.6346,Normal
2014,Magdalena,Región Caribe,Plátano,44770.0,362762.0,8.1029,Normal
2014,Magdalena,Región Caribe,Yuca,30493.0,302395.0,9.9169,Normal
2014,Meta,Llanos Orientales,Arroz,54355.0,259574.0,4.7756,Normal
2014,Meta,Llanos Orientales,Maíz,92714.0,166627.0,1.7972,Normal
2014,Meta,Llanos Orientales,Yuca,30234.0,282708.0,9.3507,Normal
2014,Casanare,Llanos Orientales,Arroz,63244.0,316657.0,5.0069,Normal
2014,Casanare,Llanos Orientales,Maíz,71728.0,110212.0,1.5365,Normal
2014,Casanare,Llanos Orientales,Yuca,33465.0,338380.0,10.1115,Normal
2014,Vichada,Llanos Orientales,Arroz,52024.0,250569.0,4.8164,Normal
2014,Vichada,Llanos Orientales,Maíz,76889.0,131228.0,1.7067,Normal
2014,Vichada,Llanos Orientales,Yuca,26900.0,242748.0,9.0241,Normal
2014,Tolima,Región Andina,Arroz,66080.0,315340.0,4.7721,Normal
2014,Tolima,Región Andina,Maíz,87469.0,136766.0,1.5636,Normal
2014,Tolima,Región Andina,Papa,28595.0,556078.0,19.447,Normal
2014,Tolima,Región Andina,Aguacate,9245.0,118827.0,12.8537,Normal
2014,Tolima,Región Andina,Frijol,30224.0,28123.0,0.9305,Normal
2014,Cundinamarca,Región Andina,Arroz,63682.0,305615.0,4.7991,Normal
2014,Cundinamarca,Región Andina,Maíz,78446.0,139696.0,1.7808,Normal
2014,Cundinamarca,Región Andina,Papa,27752.0,521749.0,18.8006,Normal
2014,Cundinamarca,Región Andina,Aguacate,7907.0,85901.0,10.8637,Normal
2014,Cundinamarca,Región Andina,Frijol,24872.0,24021.0,0.9658,Normal
2014,Boyacá,Región Andina,Arroz,59196.0,325609.0,5.5005,Normal
2014,Boyacá,Región Andina,Maíz,91601.0,146361.0,1.5978,Normal
2014,Boyacá,Región Andina,Papa,30154.0,603291.0,20.0067,Normal
2014,Boyacá,Región Andina,Aguacate,8901.0,101862.0,11.4434,Normal
2014,Boyacá,Región Andina,Frijol,28524.0,26607.0,0.9328,Normal
2014,Valle del Cauca,Valle del Cauca,Arroz,61572.0,310004.0,5.0348,Normal
2014,Valle del Cauca,Valle del Cauca,Caña de Azúcar,225202.0,23509321.0,104.3924,Normal
2014,Cauca,Región Andina,Arroz,65419.0,309624.0,4.7329,Normal
2014,Cauca,Región Andina,Maíz,92882.0,152869.0,1.6459,Normal
2014,Cauca,Región Andina,Papa,36347.0,789796.0,21.7294,Normal
2014,Cauca,Región Andina,Aguacate,8472.0,91957.0,10.8539,Normal
2014,Cauca,Región Andina,Frijol,25592.0,24514.0,0.9579,Normal
2015,Antioquia,Eje Cafetero,Café,174935.0,98281.0,0.5618,El Niño
2015,Antioquia,Eje Cafetero,Plátano,39636.0,249686.0,6.2995,El Niño
2015,Antioquia,Eje Cafetero,Aguacate,9926.0,86202.0,8.6844,El Niño
2015,Caldas,Eje Cafetero,Café,151633.0,85447.0,0.5635,El Niño
2015,Caldas,Eje Cafetero,Plátano,38023.0,243089.0,6.3932,El Niño
2015,Caldas,Eje Cafetero,Aguacate,7673.0,67308.0,8.7722,El Niño
2015,Risaralda,Eje Cafetero,Café,156799.0,93577.0,0.5968,El Niño
2015,Risaralda,Eje Cafetero,Plátano,46463.0,292411.0,6.2934,El Niño
2015,Risaralda,Eje Cafetero,Aguacate,7903.0,61607.0,7.795,El Niño
2015,Huila,Eje Cafetero,Café,149877.0,95567.0,0.6376,El Niño
2015,Huila,Eje Cafetero,Plátano,49430.0,297518.0,6.019,El Niño
2015,Huila,Eje Cafetero,Aguacate,8928.0,79684.0,8.9252,El Niño
2015,Nariño,Eje Cafetero,Café,151819.0,97063.0,0.6393,El Niño
2015,Nariño,Eje Cafetero,Plátano,43361.0,250022.0,5.766,El Niño
2015,Nariño,Eje Cafetero,Aguacate,8716.0,68482.0,7.8572,El Niño
2015,Córdoba,Región Caribe,Maíz,75263.0,93669.0,1.2446,El Niño
2015,Córdoba,Región Caribe,Plátano,38882.0,234294.0,6.0258,El Niño
2015,Córdoba,Región Caribe,Yuca,29028.0,200284.0,6.8998,El Niño
2015,Sucre,Región Caribe,Maíz,78334.0,90375.0,1.1537,El Niño
2015,Sucre,Región Caribe,Plátano,47365.0,268297.0,5.6644,El Niño
2015,Sucre,Región Caribe,Yuca,32055.0,225094.0,7.0222,El Niño
2015,Bolívar,Región Caribe,Maíz,87743.0,113346.0,1.2918,El Niño
2015,Bolívar,Región Caribe,Plátano,47545.0,264704.0,5.5674,El Niño
2015,Bolívar,Región Caribe,Yuca,27008.0,181509.0,6.7205,El Niño
2015,Magdalena,Región Caribe,Maíz,86022.0,93026.0,1.0814,El Niño
2015,Magdalena,Región Caribe,Plátano,44396.0,267191.0,6.0184,El Niño
2015,Magdalena,Región Caribe,Yuca,29866.0,222151.0,7.4383,El Niño
2015,Meta,Llanos Orientales,Arroz,53470.0,179658.0,3.36,El Niño
2015,Meta,Llanos Orientales,Maíz,89362.0,106066.0,1.1869,El Niño
2015,Meta,Llanos Orientales,Yuca,33205.0,231240.0,6.964,El Niño
2015,Casanare,Llanos Orientales,Arroz,56013.0,218805.0,3.9063,El Niño
2015,Casanare,Llanos Orientales,Maíz,91149.0,112502.0,1.2343,El Niño
2015,Casanare,Llanos Orientales,Yuca,29280.0,210330.0,7.1833,El Niño
2015,Vichada,Llanos Orientales,Arroz,58096.0,195905.0,3.3721,El Niño
2015,Vichada,Llanos Orientales,Maíz,94107.0,103679.0,1.1017,El Niño
2015,Vichada,Llanos Orientales,Yuca,35674.0,248995.0,6.9798,El Niño
2015,Tolima,Región Andina,Arroz,54898.0,203276.0,3.7028,El Niño
2015,Tolima,Región Andina,Maíz,92994.0,115608.0,1.2432,El Niño
2015,Tolima,Región Andina,Papa,35489.0,540452.0,15.2287,El Niño
2015,Tolima,Región Andina,Aguacate,9167.0,84731.0,9.2434,El Niño
2015,Tolima,Región Andina,Frijol,25435.0,17361.0,0.6826,El Niño
2015,Cundinamarca,Región Andina,Arroz,55554.0,223893.0,4.0301,El Niño
2015,Cundinamarca,Región Andina,Maíz,94778.0,102225.0,1.0786,El Niño
2015,Cundinamarca,Región Andina,Papa,34504.0,552599.0,16.0153,El Niño
2015,Cundinamarca,Región Andina,Aguacate,7836.0,68624.0,8.7574,El Niño
2015,Cundinamarca,Región Andina,Frijol,30928.0,19183.0,0.6202,El Niño
2015,Boyacá,Región Andina,Arroz,64216.0,226243.0,3.5232,El Niño
2015,Boyacá,Región Andina,Maíz,94285.0,122563.0,1.2999,El Niño
2015,Boyacá,Región Andina,Papa,36832.0,540831.0,14.6839,El Niño
2015,Boyacá,Región Andina,Aguacate,9608.0,88733.0,9.2354,El Niño
2015,Boyacá,Región Andina,Frijol,26008.0,18959.0,0.729,El Niño
2015,Valle del Cauca,Valle del Cauca,Arroz,52204.0,195385.0,3.7427,El Niño
2015,Valle del Cauca,Valle del Cauca,Caña de Azúcar,220561.0,14058898.0,63.7416,El Niño
2015,Cauca,Región Andina,Arroz,52931.0,201992.0,3.8162,El Niño
2015,Cauca,Región Andina,Maíz,79619.0,98839.0,1.2414,El Niño
2015,Cauca,Región Andina,Papa,28262.0,401740.0,14.2147,El Niño
2015,Cauca,Región Andina,Aguacate,8769.0,80173.0,9.1424,El Niño
2015,Cauca,Región Andina,Frijol,26005.0,18235.0,0.7012,El Niño
2016,Antioquia,Eje Cafetero,Café,187676.0,113372.0,0.6041,El Niño
2016,Antioquia,Eje Cafetero,Plátano,40884.0,218419.0,5.3424,El Niño
2016,Antioquia,Eje Cafetero,Aguacate,9629.0,75228.0,7.8128,El Niño
2016,Caldas,Eje Cafetero,Café,187107.0,111108.0,0.5938,El Niño
2016,Caldas,Eje Cafetero,Plátano,50299.0,314709.0,6.2568,El Niño
2016,Caldas,Eje Cafetero,Aguacate,9961.0,83496.0,8.382,El Niño
2016,Risaralda,Eje Cafetero,Café,181682.0,105161.0,0.5788,El Niño
2016,Risaralda,Eje Cafetero,Plátano,44176.0,267467.0,6.0546,El Niño
2016,Risaralda,Eje Cafetero,Aguacate,9638.0,91337.0,9.4765,El Niño
2016,Huila,Eje Cafetero,Café,181737.0,105533.0,0.5807,El Niño
2016,Huila,Eje Cafetero,Plátano,43396.0,268383.0,6.1845,El Niño
2016,Huila,Eje Cafetero,Aguacate,7987.0,63636.0,7.9669,El Niño
2016,Nariño,Eje Cafetero,Café,160864.0,90933.0,0.5653,El Niño
2016,Nariño,Eje Cafetero,Plátano,41729.0,233239.0,5.5894,El Niño
2016,Nariño,Eje Cafetero,Aguacate,7476.0,58365.0,7.8069,El Niño
2016,Córdoba,Región Caribe,Maíz,95874.0,112253.0,1.1708,El Niño
2016,Córdoba,Región Caribe,Plátano,42902.0,262395.0,6.1161,El Niño
2016,Córdoba,Región Caribe,Yuca,28772.0,221286.0,7.691,El Niño
2016,Sucre,Región Caribe,Maíz,90821.0,99035.0,1.0904,El Niño
2016,Sucre,Región Caribe,Plátano,43346.0,275316.0,6.3517,El Niño
2016,Sucre,Región Caribe,Yuca,35622.0,249708.0,7.01,El Niño
2016,Bolívar,Región Caribe,Maíz,86482.0,95899.0,1.1089,El Niño
2016,Bolívar,Región Caribe,Plátano,50993.0,284908.0,5.5872,El Niño
2016,Bolívar,Región Caribe,Yuca,35603.0,258733.0,7.2672,El Niño
2016,Magdalena,Región Caribe,Maíz,86340.0,102832.0,1.191,El Niño
2016,Magdalena,Región Caribe,Plátano,40853.0,225594.0,5.522,El Niño
2016,Magdalena,Región Caribe,Yuca,28793.0,190424.0,6.6135,El Niño
2016,Meta,Llanos Orientales,Arroz,65710.0,234054.0,3.5619,El Niño
2016,Meta,Llanos Orientales,Maíz,72542.0,94266.0,1.2995,El Niño
2016,Meta,Llanos Orientales,Yuca,35047.0,268448.0,7.6596,El Niño
2016,Casanare,Llanos Orientales,Arroz,69626.0,238992.0,3.4325,El Niño
2016,Casanare,Llanos Orientales,Maíz,81033.0,101239.0,1.2494,El Niño
2016,Casanare,Llanos Orientales,Yuca,33277.0,218548.0,6.5676,El Niño
2016,Vichada,Llanos Orientales,Arroz,66369.0,230277.0,3.4696,El Niño
2016,Vichada,Llanos Orientales,Maíz,76707.0,91801.0,1.1968,El Niño
2016,Vichada,Llanos Orientales,Yuca,32305.0,231594.0,7.169,El Niño
2016,Tolima,Región Andina,Arroz,53195.0,210079.0,3.9492,El Niño
2016,Tolima,Región Andina,Maíz,77755.0,85528.0,1.1,El Niño
2016,Tolima,Región Andina,Papa,36290.0,584458.0,16.1051,El Niño
2016,Tolima,Región Andina,Aguacate,9608.0,88154.0,9.1748,El Niño
2016,Tolima,Región Andina,Frijol,28781.0,19886.0,0.691,El Niño
2016,Cundinamarca,Región Andina,Arroz,53113.0,191461.0,3.6048,El Niño
2016,Cundinamarca,Región Andina,Maíz,80442.0,90973.0,1.1309,El Niño
2016,Cundinamarca,Región Andina,Papa,34678.0,511430.0,14.7478,El Niño
2016,Cundinamarca,Región Andina,Aguacate,7577.0,61805.0,8.1565,El Niño
2016,Cundinamarca,Región Andina,Frijol,29012.0,18162.0,0.626,El Niño
2016,Boyacá,Región Andina,Arroz,67013.0,245831.0,3.6684,El Niño
2016,Boyacá,Región Andina,Maíz,83149.0,100607.0,1.21,El Niño
2016,Boyacá,Región Andina,Papa,35666.0,510401.0,14.3107,El Niño
2016,Boyacá,Región Andina,Aguacate,9130.0,79916.0,8.7536,El Niño
2016,Boyacá,Región Andina,Frijol,25578.0,18820.0,0.7358,El Niño
2016,Valle del Cauca,Valle del Cauca,Arroz,66034.0,250163.0,3.7884,El Niño
2016,Valle del Cauca,Valle del Cauca,Caña de Azúcar,265242.0,19639278.0,74.0429,El Niño
2016,Cauca,Región Andina,Arroz,64415.0,252473.0,3.9195,El Niño
2016,Cauca,Región Andina,Maíz,88591.0,109038.0,1.2308,El Niño
2016,Cauca,Región Andina,Papa,33656.0,521878.0,15.506,El Niño
2016,Cauca,Región Andina,Aguacate,7779.0,72331.0,9.2981,El Niño
2016,Cauca,Región Andina,Frijol,30568.0,18940.0,0.6196,El Niño
2017,Antioquia,Eje Cafetero,Café,184641.0,140167.0,0.7591,Normal
2017,Antioquia,Eje Cafetero,Plátano,42246.0,363289.0,8.5994,Normal
2017,Antioquia,Eje Cafetero,Aguacate,7785.0,99356.0,12.7631,Normal
2017,Caldas,Eje Cafetero,Café,184959.0,151893.0,0.8212,Normal
2017,Caldas,Eje Cafetero,Plátano,37863.0,297252.0,7.8507,Normal
2017,Caldas,Eje Cafetero,Aguacate,8971.0,118008.0,13.1548,Normal
2017,Risaralda,Eje Cafetero,Café,174851.0,136490.0,0.7806,Normal
2017,Risaralda,Eje Cafetero,Plátano,46231.0,382127.0,8.2656,Normal
2017,Risaralda,Eje Cafetero,Aguacate,9394.0,103870.0,11.0568,Normal
2017,Huila,Eje Cafetero,Café,181371.0,149952.0,0.8268,Normal
2017,Huila,Eje Cafetero,Plátano,50618.0,401938.0,7.9407,Normal
2017,Huila,Eje Cafetero,Aguacate,9011.0,117482.0,13.0369,Normal
2017,Nariño,Eje Cafetero,Café,148143.0,132100.0,0.8917,Normal
2017,Nariño,Eje Cafetero,Plátano,46950.0,351711.0,7.4913,Normal
2017,Nariño,Eje Cafetero,Aguacate,8149.0,101861.0,12.4996,Normal
2017,Córdoba,Región Caribe,Maíz,72781.0,122062.0,1.6771,Normal
2017,Córdoba,Región Caribe,Plátano,42390.0,356000.0,8.3983,Normal
2017,Córdoba,Región Caribe,Yuca,27146.0,285794.0,10.5282,Normal
2017,Sucre,Región Caribe,Maíz,95517.0,172382.0,1.8047,Normal
2017,Sucre,Región Caribe,Plátano,47773.0,362758.0,7.5933,Normal
2017,Sucre,Región Caribe,Yuca,33864.0,300309.0,8.8682,Normal
2017,Bolívar,Región Caribe,Maíz,71646.0,114045.0,1.5918,Normal
2017,Bolívar,Región Caribe,Plátano,44293.0,382845.0,8.6435,Normal
2017,Bolívar,Región Caribe,Yuca,33157.0,321421.0,9.694,Normal
2017,Magdalena,Región Caribe,Maíz,77956.0,141417.0,1.8141,Normal
2017,Magdalena,Región Caribe,Plátano,43460.0,352909.0,8.1203,Normal
2017,Magdalena,Región Caribe,Yuca,28257.0,293247.0,10.3778,Normal
2017,Meta,Llanos Orientales,Arroz,64148.0,308883.0,4.8152,Normal
2017,Meta,Llanos Orientales,Maíz,73158.0,125068.0,1.7096,Normal
2017,Meta,Llanos Orientales,Yuca,32885.0,307662.0,9.3556,Normal
2017,Casanare,Llanos Orientales,Arroz,68825.0,326512.0,4.7441,Normal
2017,Casanare,Llanos Orientales,Maíz,81939.0,147194.0,1.7964,Normal
2017,Casanare,Llanos Orientales,Yuca,30672.0,308911.0,10.0715,Normal
2017,Vichada,Llanos Orientales,Arroz,58762.0,286156.0,4.8697,Normal
2017,Vichada,Llanos Orientales,Maíz,95780.0,155171.0,1.6201,Normal
2017,Vichada,Llanos Orientales,Yuca,35144.0,325813.0,9.2707,Normal
2017,Tolima,Región Andina,Arroz,55407.0,256078.0,4.6218,Normal
2017,Tolima,Región Andina,Maíz,87442.0,140485.0,1.6066,Normal
2017,Tolima,Región Andina,Papa,36052.0,735116.0,20.3902,Normal
2017,Tolima,Región Andina,Aguacate,9884.0,111148.0,11.2453,Normal
2017,Tolima,Región Andina,Frijol,30541.0,30619.0,1.0026,Normal
2017,Cundinamarca,Región Andina,Arroz,65552.0,357371.0,5.4517,Normal
2017,Cundinamarca,Región Andina,Maíz,90186.0,152563.0,1.6917,Normal
2017,Cundinamarca,Región Andina,Papa,28905.0,537145.0,18.5834,Normal
2017,Cundinamarca,Región Andina,Aguacate,9761.0,119863.0,12.28,Normal
2017,Cundinamarca,Región Andina,Frijol,29946.0,28344.0,0.9465,Normal
2017,Boyacá,Región Andina,Arroz,53665.0,253174.0,4.7177,Normal
2017,Boyacá,Región Andina,Maíz,88292.0,143652.0,1.627,Normal
2017,Boyacá,Región Andina,Papa,29580.0,605373.0,20.4655,Normal
2017,Boyacá,Región Andina,Aguacate,7534.0,91885.0,12.1967,Normal
2017,Boyacá,Región Andina,Frijol,25594.0,25761.0,1.0065,Normal
2017,Valle del Cauca,Valle del Cauca,Arroz,57176.0,288986.0,5.0543,Normal
2017,Valle del Cauca,Valle del Cauca,Caña de Azúcar,204837.0,17945349.0,87.6081,Normal
2017,Cauca,Región Andina,Arroz,58670.0,298015.0,5.0795,Normal
2017,Cauca,Región Andina,Maíz,86146.0,136218.0,1.5812,Normal
2017,Cauca,Región Andina,Papa,34401.0,756015.0,21.9765,Normal
2017,Cauca,Región Andina,Aguacate,9394.0,102351.0,10.8951,Normal
2017,Cauca,Región Andina,Frijol,27339.0,23920.0,0.8749,Normal
2018,Antioquia,Eje Cafetero,Café,155184.0,139636.0,0.8998,Normal
2018,Antioquia,Eje Cafetero,Plátano,39678.0,325285.0,8.1982,Normal
2018,Antioquia,Eje Cafetero,Aguacate,8974.0,112047.0,12.4859,Normal
2018,Caldas,Eje Cafetero,Café,171210.0,126627.0,0.7396,Normal
2018,Caldas,Eje Cafetero,Plátano,42131.0,346695.0,8.229,Normal
2018,Caldas,Eje Cafetero,Aguacate,7595.0,88419.0,11.6415,Normal
2018,Risaralda,Eje Cafetero,Café,144645.0,108612.0,0.7509,Normal
2018,Risaralda,Eje Cafetero,Plátano,43070.0,327232.0,7.5977,Normal
2018,Risaralda,Eje Cafetero,Aguacate,8842.0,110128.0,12.4547,Normal
2018,Huila,Eje Cafetero,Café,183368.0,141344.0,0.7708,Normal
2018,Huila,Eje Cafetero,Plátano,40011.0,302142.0,7.5515,Normal
2018,Huila,Eje Cafetero,Aguacate,9021.0,112727.0,12.4955,Normal
2018,Nariño,Eje Cafetero,Café,144564.0,128884.0,0.8915,Normal
2018,Nariño,Eje Cafetero,Plátano,38471.0,318065.0,8.2677,Normal
2018,Nariño,Eje Cafetero,Aguacate,9210.0,118723.0,12.8903,Normal
2018,Córdoba,Región Caribe,Maíz,89008.0,155726.0,1.7496,Normal
2018,Córdoba,Región Caribe,Plátano,42304.0,368733.0,8.7163,Normal
2018,Córdoba,Región Caribe,Yuca,27470.0,290460.0,10.5738,Normal
2018,Sucre,Región Caribe,Maíz,84830.0,148853.0,1.7547,Normal
2018,Sucre,Región Caribe,Plátano,43809.0,369547.0,8.4355,Normal
2018,Sucre,Región Caribe,Yuca,31678.0,324819.0,10.2539,Normal
2018,Bolívar,Región Caribe,Maíz,73139.0,110068.0,1.5049,Normal
2018,Bolívar,Región Caribe,Plátano,41072.0,313862.0,7.6417,Normal
2018,Bolívar,Región Caribe,Yuca,34934.0,323127.0,9.2497,Normal
2018,Magdalena,Región Caribe,Maíz,95576.0,152556.0,1.5962,Normal
2018,Magdalena,Región Caribe,Plátano,40206.0,348791.0,8.6751,Normal
2018,Magdalena,Región Caribe,Yuca,32925.0,322548.0,9.7965,Normal
2018,Meta,Llanos Orientales,Arroz,61632.0,328103.0,5.3236,Normal
2018,Meta,Llanos Orientales,Maíz,76823.0,139341.0,1.8138,Normal
2018,Meta,Llanos Orientales,Yuca,35905.0,362450.0,10.0946,Normal
2018,Casanare,Llanos Orientales,Arroz,55160.0,291458.0,5.2838,Normal
2018,Casanare,Llanos Orientales,Maíz,72902.0,108998.0,1.4951,Normal
2018,Casanare,Llanos Orientales,Yuca,29144.0,283475.0,9.7267,Normal
2018,Vichada,Llanos Orientales,Arroz,67323.0,358947.0,5.3317,Normal
2018,Vichada,Llanos Orientales,Maíz,89726.0,145842.0,1.6254,Normal
2018,Vichada,Llanos Orientales,Yuca,29976.0,286188.0,9.5472,Normal
2018,Tolima,Región Andina,Arroz,69494.0,321821.0,4.6309,Normal
2018,Tolima,Región Andina,Maíz,92846.0,155606.0,1.676,Normal
2018,Tolima,Región Andina,Papa,31902.0,683444.0,21.4236,Normal
2018,Tolima,Región Andina,Aguacate,8632.0,111320.0,12.8962,Normal
2018,Tolima,Región Andina,Frijol,30806.0,28807.0,0.9351,Normal
2018,Cundinamarca,Región Andina,Arroz,56566.0,293815.0,5.1942,Normal
2018,Cundinamarca,Región Andina,Maíz,93983.0,146098.0,1.5545,Normal
2018,Cundinamarca,Región Andina,Papa,33699.0,709005.0,21.0394,Normal
2018,Cundinamarca,Región Andina,Aguacate,9273.0,103074.0,11.1158,Normal
2018,Cundinamarca,Región Andina,Frijol,29281.0,30092.0,1.0277,Normal
2018,Boyacá,Región Andina,Arroz,54799.0,264806.0,4.8323,Normal
2018,Boyacá,Región Andina,Maíz,95464.0,147466.0,1.5447,Normal
2018,Boyacá,Región Andina,Papa,35955.0,735944.0,20.4683,Normal
2018,Boyacá,Región Andina,Aguacate,8009.0,103240.0,12.8898,Normal
2018,Boyacá,Región Andina,Frijol,27049.0,25772.0,0.9528,Normal
2018,Valle del Cauca,Valle del Cauca,Arroz,58065.0,301636.0,5.1948,Normal
2018,Valle del Cauca,Valle del Cauca,Caña de Azúcar,215774.0,20220829.0,93.7131,Normal
2018,Cauca,Región Andina,Arroz,69162.0,335666.0,4.8533,Normal
2018,Cauca,Región Andina,Maíz,87569.0,139437.0,1.5923,Normal
2018,Cauca,Región Andina,Papa,35166.0,667689.0,18.9866,Normal
2018,Cauca,Región Andina,Aguacate,9888.0,117562.0,11.8891,Normal
2018,Cauca,Región Andina,Frijol,25322.0,22004.0,0.869,Normal
2019,Antioquia,Eje Cafetero,Café,151536.0,124751.0,0.8232,Normal
2019,Antioquia,Eje Cafetero,Plátano,42271.0,369423.0,8.7394,Normal
2019,Antioquia,Eje Cafetero,Aguacate,8487.0,96725.0,11.3969,Normal
2019,Caldas,Eje Cafetero,Café,174111.0,148675.0,0.8539,Normal
2019,Caldas,Eje Cafetero,Plátano,40005.0,306234.0,7.6549,Normal
2019,Caldas,Eje Cafetero,Aguacate,7462.0,93778.0,12.5674,Normal
2019,Risaralda,Eje Cafetero,Café,176466.0,143968.0,0.8158,Normal
2019,Risaralda,Eje Cafetero,Plátano,49033.0,426654.0,8.7013,Normal
2019,Risaralda,Eje Cafetero,Aguacate,8889.0,114519.0,12.8839,Normal
2019,Huila,Eje Cafetero,Café,153357.0,115992.0,0.7564,Normal
2019,Huila,Eje Cafetero,Plátano,41374.0,309217.0,7.4736,Normal
2019,Huila,Eje Cafetero,Aguacate,8748.0,114139.0,13.0479,Normal
2019,Nariño,Eje Cafetero,Café,144955.0,109880.0,0.758,Normal
2019,Nariño,Eje Cafetero,Plátano,43807.0,390389.0,8.9116,Normal
2019,Nariño,Eje Cafetero,Aguacate,8189.0,98406.0,12.0174,Normal
2019,Córdoba,Región Caribe,Maíz,72134.0,110650.0,1.534,Normal
2019,Córdoba,Región Caribe,Plátano,50933.0,456501.0,8.9628,Normal
2019,Córdoba,Región Caribe,Yuca,26761.0,285955.0,10.6856,Normal
2019,Sucre,Región Caribe,Maíz,87127.0,154338.0,1.7714,Normal
2019,Sucre,Región Caribe,Plátano,43841.0,360617.0,8.2256,Normal
2019,Sucre,Región Caribe,Yuca,31323.0,317214.0,10.1271,Normal
2019,Bolívar,Región Caribe,Maíz,74595.0,111511.0,1.4949,Normal
2019,Bolívar,Región Caribe,Plátano,41884.0,357504.0,8.5357,Normal
2019,Bolívar,Región Caribe,Yuca,28617.0,290179.0,10.1399,Normal
2019,Magdalena,Región Caribe,Maíz,95427.0,144666.0,1.516,Normal
2019,Magdalena,Región Caribe,Plátano,46746.0,379003.0,8.1078,Normal
2019,Magdalena,Región Caribe,Yuca,34900.0,319932.0,9.1672,Normal
2019,Meta,Llanos Orientales,Arroz,64128.0,349171.0,5.4449,Normal
2019,Meta,Llanos Orientales,Maíz,94792.0,162139.0,1.7105,Normal
2019,Meta,Llanos Orientales,Yuca,31402.0,314992.0,10.031,Normal
2019,Casanare,Llanos Orientales,Arroz,67334.0,348255.0,5.172,Normal
2019,Casanare,Llanos Orientales,Maíz,71853.0,128777.0,1.7922,Normal
2019,Casanare,Llanos Orientales,Yuca,33216.0,337004.0,10.146,Normal
2019,Vichada,Llanos Orientales,Arroz,55454.0,291802.0,5.2621,Normal
2019,Vichada,Llanos Orientales,Maíz,80973.0,137647.0,1.6999,Normal
2019,Vichada,Llanos Orientales,Yuca,27719.0,280225.0,10.1094,Normal
2019,Tolima,Región Andina,Arroz,69708.0,323388.0,4.6392,Normal
2019,Tolima,Región Andina,Maíz,95609.0,154818.0,1.6193,Normal
2019,Tolima,Región Andina,Papa,36115.0,782167.0,21.6578,Normal
2019,Tolima,Región Andina,Aguacate,8841.0,111150.0,12.5723,Normal
2019,Tolima,Región Andina,Frijol,30623.0,28534.0,0.9318,Normal
2019,Cundinamarca,Región Andina,Arroz,57479.0,302970.0,5.2709,Normal
2019,Cundinamarca,Región Andina,Maíz,91360.0,158652.0,1.7366,Normal
2019,Cundinamarca,Región Andina,Papa,35404.0,716425.0,20.2359,Normal
2019,Cundinamarca,Región Andina,Aguacate,9493.0,105264.0,11.0885,Normal
2019,Cundinamarca,Región Andina,Frijol,27867.0,23857.0,0.8561,Normal
2019,Boyacá,Región Andina,Arroz,57435.0,285094.0,4.9638,Normal
2019,Boyacá,Región Andina,Maíz,81031.0,138928.0,1.7145,Normal
2019,Boyacá,Región Andina,Papa,31413.0,637368.0,20.2896,Normal
2019,Boyacá,Región Andina,Aguacate,7984.0,93383.0,11.6958,Normal
2019,Boyacá,Región Andina,Frijol,25250.0,21940.0,0.8689,Normal
2019,Valle del Cauca,Valle del Cauca,Arroz,62506.0,329508.0,5.2716,Normal
2019,Valle del Cauca,Valle del Cauca,Caña de Azúcar,248603.0,23642310.0,95.1005,Normal
2019,Cauca,Región Andina,Arroz,58439.0,319694.0,5.4706,Normal
2019,Cauca,Región Andina,Maíz,84115.0,138212.0,1.6431,Normal
2019,Cauca,Región Andina,Papa,27875.0,553294.0,19.8491,Normal
2019,Cauca,Región Andina,Aguacate,8355.0,98233.0,11.7572,Normal
2019,Cauca,Región Andina,Frijol,28161.0,26933.0,0.9564,Normal
2020,Antioquia,Eje Cafetero,Café,173645.0,149932.0,0.8634,Normal
2020,Antioquia,Eje Cafetero,Plátano,48618.0,416056.0,8.5577,Normal
2020,Antioquia,Eje Cafetero,Aguacate,9851.0,106822.0,10.8438,Normal
2020,Caldas,Eje Cafetero,Café,152849.0,112992.0,0.7392,Normal
2020,Caldas,Eje Cafetero,Plátano,46411.0,410864.0,8.8528,Normal
2020,Caldas,Eje Cafetero,Aguacate,8000.0,104195.0,13.0249,Normal
2020,Risaralda,Eje Cafetero,Café,146011.0,130132.0,0.8912,Normal
2020,Risaralda,Eje Cafetero,Plátano,42466.0,320463.0,7.5463,Normal
2020,Risaralda,Eje Cafetero,Aguacate,8630.0,98522.0,11.4163,Normal
2020,Huila,Eje Cafetero,Café,157345.0,124050.0,0.7884,Normal
2020,Huila,Eje Cafetero,Plátano,48485.0,400689.0,8.2642,Normal
2020,Huila,Eje Cafetero,Aguacate,8176.0,100278.0,12.2648,Normal
2020,Nariño,Eje Cafetero,Café,179107.0,140189.0,0.7827,Normal
2020,Nariño,Eje Cafetero,Plátano,43292.0,328147.0,7.5799,Normal
2020,Nariño,Eje Cafetero,Aguacate,7838.0,97459.0,12.4347,Normal
2020,Córdoba,Región Caribe,Maíz,75643.0,125440.0,1.6583,Normal
2020,Córdoba,Región Caribe,Plátano,47232.0,356849.0,7.5553,Normal
2020,Córdoba,Región Caribe,Yuca,32063.0,298921.0,9.3229,Normal
2020,Sucre,Región Caribe,Maíz,95252.0,156648.0,1.6446,Normal
2020,Sucre,Región Caribe,Plátano,48524.0,401897.0,8.2824,Normal
2020,Sucre,Región Caribe,Yuca,27124.0,272890.0,10.061,Normal
2020,Bolívar,Región Caribe,Maíz,94962.0,159872.0,1.6835,Normal
2020,Bolívar,Región Caribe,Plátano,48700.0,430028.0,8.8301,Normal
2020,Bolívar,Región Caribe,Yuca,28865.0,266584.0,9.2356,Normal
2020,Magdalena,Región Caribe,Maíz,86421.0,140057.0,1.6206,Normal
2020,Magdalena,Región Caribe,Plátano,48976.0,433733.0,8.856,Normal
2020,Magdalena,Región Caribe,Yuca,30047.0,278960.0,9.2843,Normal
2020,Meta,Llanos Orientales,Arroz,65727.0,320111.0,4.8703,Normal
2020,Meta,Llanos Orientales,Maíz,91731.0,149048.0,1.6248,Normal
2020,Meta,Llanos Orientales,Yuca,33008.0,297314.0,9.0072,Normal
2020,Casanare,Llanos Orientales,Arroz,62878.0,317583.0,5.0508,Normal
2020,Casanare,Llanos Orientales,Maíz,85809.0,132185.0,1.5404,Normal
2020,Casanare,Llanos Orientales,Yuca,33662.0,353824.0,10.5111,Normal
2020,Vichada,Llanos Orientales,Arroz,55473.0,260038.0,4.6876,Normal
2020,Vichada,Llanos Orientales,Maíz,71684.0,121637.0,1.6969,Normal
2020,Vichada,Llanos Orientales,Yuca,32438.0,320864.0,9.8915,Normal
2020,Tolima,Región Andina,Arroz,55750.0,278120.0,4.9887,Normal
2020,Tolima,Región Andina,Maíz,86007.0,141820.0,1.6489,Normal
2020,Tolima,Región Andina,Papa,37256.0,708213.0,19.0094,Normal
2020,Tolima,Región Andina,Aguacate,9174.0,107982.0,11.7704,Normal
2020,Tolima,Región Andina,Frijol,26908.0,26675.0,0.9913,Normal
2020,Cundinamarca,Región Andina,Arroz,64125.0,359169.0,5.6011,Normal
2020,Cundinamarca,Región Andina,Maíz,74312.0,112907.0,1.5194,Normal
2020,Cundinamarca,Región Andina,Papa,34687.0,722238.0,20.8214,Normal
2020,Cundinamarca,Región Andina,Aguacate,8079.0,88798.0,10.9906,Normal
2020,Cundinamarca,Región Andina,Frijol,24082.0,24681.0,1.0249,Normal
2020,Boyacá,Región Andina,Arroz,55021.0,270694.0,4.9198,Normal
2020,Boyacá,Región Andina,Maíz,76778.0,123010.0,1.6021,Normal
2020,Boyacá,Región Andina,Papa,28302.0,582400.0,20.5781,Normal
2020,Boyacá,Región Andina,Aguacate,7542.0,95947.0,12.7209,Normal
2020,Boyacá,Región Andina,Frijol,25303.0,24230.0,0.9576,Normal
2020,Valle del Cauca,Valle del Cauca,Arroz,67538.0,354836.0,5.2539,Normal
2020,Valle del Cauca,Valle del Cauca,Caña de Azúcar,242373.0,22403559.0,92.4342,Normal
2020,Cauca,Región Andina,Arroz,57588.0,303653.0,5.2729,Normal
2020,Cauca,Región Andina,Maíz,96035.0,163586.0,1.7034,Normal
2020,Cauca,Región Andina,Papa,33063.0,709066.0,21.4457,Normal
2020,Cauca,Región Andina,Aguacate,8576.0,93861.0,10.9443,Normal
2020,Cauca,Región Andina,Frijol,28014.0,29049.0,1.0369,Normal
2021,Antioquia,Eje Cafetero,Café,151816.0,113713.0,0.749,La Niña
2021,Antioquia,Eje Cafetero,Plátano,40457.0,294029.0,7.2677,La Niña
2021,Antioquia,Eje Cafetero,Aguacate,7618.0,79648.0,10.4552,La Niña
2021,Caldas,Eje Cafetero,Café,181126.0,126716.0,0.6996,La Niña
2021,Caldas,Eje Cafetero,Plátano,46643.0,356466.0,7.6424,La Niña
2021,Caldas,Eje Cafetero,Aguacate,9777.0,97769.0,9.9996,La Niña
2021,Risaralda,Eje Cafetero,Café,163119.0,109524.0,0.6714,La Niña
2021,Risaralda,Eje Cafetero,Plátano,51011.0,399530.0,7.8322,La Niña
2021,Risaralda,Eje Cafetero,Aguacate,8771.0,98953.0,11.2824,La Niña
2021,Huila,Eje Cafetero,Café,169258.0,125155.0,0.7394,La Niña
2021,Huila,Eje Cafetero,Plátano,38966.0,295535.0,7.5844,La Niña
2021,Huila,Eje Cafetero,Aguacate,7699.0,86600.0,11.2487,La Niña
2021,Nariño,Eje Cafetero,Café,182431.0,137138.0,0.7517,La Niña
2021,Nariño,Eje Cafetero,Plátano,38260.0,265213.0,6.9319,La Niña
2021,Nariño,Eje Cafetero,Aguacate,8051.0,82638.0,10.2646,La Niña
2021,Córdoba,Región Caribe,Maíz,73290.0,115717.0,1.5789,La Niña
2021,Córdoba,Región Caribe,Plátano,45162.0,313212.0,6.9353,La Niña
2021,Córdoba,Región Caribe,Yuca,30457.0,259890.0,8.5329,La Niña
2021,Sucre,Región Caribe,Maíz,86160.0,125497.0,1.4566,La Niña
2021,Sucre,Región Caribe,Plátano,50036.0,360843.0,7.2116,La Niña
2021,Sucre,Región Caribe,Yuca,36069.0,332921.0,9.2301,La Niña
2021,Bolívar,Región Caribe,Maíz,76323.0,120364.0,1.577,La Niña
2021,Bolívar,Región Caribe,Plátano,39329.0,301819.0,7.6741,La Niña
2021,Bolívar,Región Caribe,Yuca,30303.0,281089.0,9.2759,La Niña
2021,Magdalena,Región Caribe,Maíz,92871.0,143100.0,1.5408,La Niña
2021,Magdalena,Región Caribe,Plátano,48312.0,334998.0,6.9341,La Niña
2021,Magdalena,Región Caribe,Yuca,27477.0,232366.0,8.4567,La Niña
2021,Meta,Llanos Orientales,Arroz,54687.0,255006.0,4.663,La Niña
2021,Meta,Llanos Orientales,Maíz,79775.0,126851.0,1.5901,La Niña
2021,Meta,Llanos Orientales,Yuca,32758.0,300723.0,9.1802,La Niña
2021,Casanare,Llanos Orientales,Arroz,53942.0,259618.0,4.8129,La Niña
2021,Casanare,Llanos Orientales,Maíz,94244.0,136488.0,1.4482,La Niña
2021,Casanare,Llanos Orientales,Yuca,32430.0,294492.0,9.0807,La Niña
2021,Vichada,Llanos Orientales,Arroz,54711.0,245670.0,4.4903,La Niña
2021,Vichada,Llanos Orientales,Maíz,81094.0,109420.0,1.3493,La Niña
2021,Vichada,Llanos Orientales,Yuca,30180.0,237791.0,7.8792,La Niña
2021,Tolima,Región Andina,Arroz,52001.0,216350.0,4.1605,La Niña
2021,Tolima,Región Andina,Maíz,95256.0,139682.0,1.4664,La Niña
2021,Tolima,Región Andina,Papa,37042.0,659212.0,17.7965,La Niña
2021,Tolima,Región Andina,Aguacate,8177.0,86459.0,10.573,La Niña
2021,Tolima,Región Andina,Frijol,27001.0,20793.0,0.7701,La Niña
2021,Cundinamarca,Región Andina,Arroz,63186.0,267475.0,4.2331,La Niña
2021,Cundinamarca,Región Andina,Maíz,86637.0,129576.0,1.4956,La Niña
2021,Cundinamarca,Región Andina,Papa,29107.0,479028.0,16.4573,La Niña
2021,Cundinamarca,Región Andina,Aguacate,9397.0,98431.0,10.4751,La Niña
2021,Cundinamarca,Región Andina,Frijol,23855.0,21916.0,0.9187,La Niña
2021,Boyacá,Región Andina,Arroz,52582.0,245194.0,4.6631,La Niña
2021,Boyacá,Región Andina,Maíz,95772.0,131807.0,1.3763,La Niña
2021,Boyacá,Región Andina,Papa,29012.0,483744.0,16.674,La Niña
2021,Boyacá,Región Andina,Aguacate,8155.0,79247.0,9.7174,La Niña
2021,Boyacá,Región Andina,Frijol,29085.0,22187.0,0.7628,La Niña
2021,Valle del Cauca,Valle del Cauca,Arroz,60796.0,299959.0,4.9338,La Niña
2021,Valle del Cauca,Valle del Cauca,Caña de Azúcar,262606.0,22648887.0,86.2467,La Niña
2021,Cauca,Región Andina,Arroz,57101.0,262621.0,4.5992,La Niña
2021,Cauca,Región Andina,Maíz,84315.0,120615.0,1.4305,La Niña
2021,Cauca,Región Andina,Papa,28899.0,561657.0,19.4349,La Niña
2021,Cauca,Región Andina,Aguacate,8536.0,84636.0,9.915,La Niña
2021,Cauca,Región Andina,Frijol,26409.0,21699.0,0.8216,La Niña
2022,Antioquia,Eje Cafetero,Café,184728.0,139528.0,0.7553,La Niña
2022,Antioquia,Eje Cafetero,Plátano,48035.0,312724.0,6.5103,La Niña
2022,Antioquia,Eje Cafetero,Aguacate,8449.0,88885.0,10.5206,La Niña
2022,Caldas,Eje Cafetero,Café,143938.0,98877.0,0.6869,La Niña
2022,Caldas,Eje Cafetero,Plátano,47915.0,320660.0,6.6923,La Niña
2022,Caldas,Eje Cafetero,Aguacate,8758.0,87221.0,9.9585,La Niña
2022,Risaralda,Eje Cafetero,Café,143582.0,98246.0,0.6843,La Niña
2022,Risaralda,Eje Cafetero,Plátano,50789.0,388599.0,7.6512,La Niña
2022,Risaralda,Eje Cafetero,Aguacate,9862.0,103885.0,10.5343,La Niña
2022,Huila,Eje Cafetero,Café,148507.0,108191.0,0.7285,La Niña
2022,Huila,Eje Cafetero,Plátano,43836.0,338107.0,7.713,La Niña
2022,Huila,Eje Cafetero,Aguacate,7622.0,80296.0,10.5352,La Niña
2022,Nariño,Eje Cafetero,Café,150541.0,104822.0,0.6963,La Niña
2022,Nariño,Eje Cafetero,Plátano,47609.0,341900.0,7.1814,La Niña
2022,Nariño,Eje Cafetero,Aguacate,8344.0,86253.0,10.3371,La Niña
2022,Córdoba,Región Caribe,Maíz,82619.0,126801.0,1.5348,La Niña
2022,Córdoba,Región Caribe,Plátano,49672.0,391076.0,7.8731,La Niña
2022,Córdoba,Región Caribe,Yuca,34134.0,283501.0,8.3056,La Niña
2022,Sucre,Región Caribe,Maíz,88357.0,126693.0,1.4339,La Niña
2022,Sucre,Región Caribe,Plátano,41173.0,317362.0,7.7079,La Niña
2022,Sucre,Región Caribe,Yuca,27077.0,252271.0,9.317,La Niña
2022,Bolívar,Región Caribe,Maíz,82670.0,123330.0,1.4918,La Niña
2022,Bolívar,Región Caribe,Plátano,46569.0,362598.0,7.7862,La Niña
2022,Bolívar,Región Caribe,Yuca,32717.0,288582.0,8.8205,La Niña
2022,Magdalena,Región Caribe,Maíz,72763.0,106041.0,1.4573,La Niña
2022,Magdalena,Región Caribe,Plátano,39780.0,300684.0,7.5587,La Niña
2022,Magdalena,Región Caribe,Yuca,31544.0,281839.0,8.9349,La Niña
2022,Meta,Llanos Orientales,Arroz,52289.0,215186.0,4.1153,La Niña
2022,Meta,Llanos Orientales,Maíz,89064.0,118253.0,1.3277,La Niña
2022,Meta,Llanos Orientales,Yuca,27386.0,213132.0,7.7825,La Niña
2022,Casanare,Llanos Orientales,Arroz,68928.0,324042.0,4.7012,La Niña
2022,Casanare,Llanos Orientales,Maíz,79954.0,111369.0,1.3929,La Niña
2022,Casanare,Llanos Orientales,Yuca,30011.0,273036.0,9.0977,La Niña
2022,Vichada,Llanos Orientales,Arroz,63560.0,267297.0,4.2054,La Niña
2022,Vichada,Llanos Orientales,Maíz,75459.0,100767.0,1.3354,La Niña
2022,Vichada,Llanos Orientales,Yuca,32940.0,299095.0,9.08,La Niña
2022,Tolima,Región Andina,Arroz,56352.0,228676.0,4.058,La Niña
2022,Tolima,Región Andina,Maíz,73153.0,116157.0,1.5879,La Niña
2022,Tolima,Región Andina,Papa,30506.0,579953.0,19.0114,La Niña
2022,Tolima,Región Andina,Aguacate,8991.0,92701.0,10.3107,La Niña
2022,Tolima,Región Andina,Frijol,25072.0,19373.0,0.7727,La Niña
2022,Cundinamarca,Región Andina,Arroz,62717.0,296933.0,4.7345,La Niña
2022,Cundinamarca,Región Andina,Maíz,87247.0,127450.0,1.4608,La Niña
2022,Cundinamarca,Región Andina,Papa,28034.0,553120.0,19.7303,La Niña
2022,Cundinamarca,Región Andina,Aguacate,9443.0,95589.0,10.1224,La Niña
2022,Cundinamarca,Región Andina,Frijol,31460.0,26836.0,0.853,La Niña
2022,Boyacá,Región Andina,Arroz,62124.0,292646.0,4.7107,La Niña
2022,Boyacá,Región Andina,Maíz,91459.0,136954.0,1.4974,La Niña
2022,Boyacá,Región Andina,Papa,28874.0,504037.0,17.4565,La Niña
2022,Boyacá,Región Andina,Aguacate,9780.0,97585.0,9.9784,La Niña
2022,Boyacá,Región Andina,Frijol,26445.0,21808.0,0.8246,La Niña
2022,Valle del Cauca,Valle del Cauca,Arroz,59523.0,273173.0,4.5894,La Niña
2022,Valle del Cauca,Valle del Cauca,Caña de Azúcar,271901.0,21733593.0,79.9319,La Niña
2022,Cauca,Región Andina,Arroz,53741.0,226596.0,4.2164,La Niña
2022,Cauca,Región Andina,Maíz,93345.0,139489.0,1.4943,La Niña
2022,Cauca,Región Andina,Papa,30413.0,583312.0,19.1799,La Niña
2022,Cauca,Región Andina,Aguacate,9606.0,108472.0,11.2918,La Niña
2022,Cauca,Región Andina,Frijol,30956.0,24597.0,0.7946,La Niña
