cultivo,region,temperatura_c,humedad_suelo_pct,ph_suelo,rendimiento_t_ha,alerta_calor,alerta_hidrico
Café,Eje Cafetero,14.4,40.5,7.07,0.427,0,0
Café,Valle del Cauca,29.3,38.1,6.33,0.375,0,0
Plátano,Eje Cafetero,17.0,56.8,6.1,7.824,0,0
Maíz,Eje Cafetero,21.3,22.5,5.88,0.696,0,1
Café,Llanos Orientales,19.9,13.8,6.31,0.182,0,1
Café,Eje Cafetero,21.9,53.1,6.6,0.694,0,0
Café,Valle del Cauca,21.9,62.2,5.06,0.77,0,0
Papa,Eje Cafetero,22.6,35.9,5.41,10.754,0,0
Café,Valle del Cauca,24.9,45.8,5.08,0.599,0,0
Plátano,Región Caribe,22.7,51.3,8.3,6.637,0,0
Plátano,Valle del Cauca,17.3,33.4,6.03,4.358,0,0
Café,Región Caribe,28.5,100.0,4.85,1.033,0,0
Plátano,Región Caribe,14.4,75.6,5.71,9.105,0,0
Maíz,Región Caribe,21.8,43.0,6.99,1.336,0,0
Plátano,Región Andina,22.1,66.8,6.4,9.079,0,0
Café,Valle del Cauca,20.4,38.7,5.61,0.556,0,0
Maíz,Eje Cafetero,21.0,67.1,6.68,1.772,0,0
Maíz,Valle del Cauca,23.4,53.1,7.45,1.661,0,0
Café,Región Caribe,27.2,51.3,6.08,0.612,0,0
Arroz,Llanos Orientales,26.5,90.2,5.98,7.349,0,0
Arroz,Llanos Orientales,28.4,78.5,5.72,6.076,0,0
Maíz,Eje Cafetero,26.6,45.4,6.97,0.912,0,0
Arroz,Región Andina,19.2,58.4,6.62,5.261,0,0
Arroz,Región Andina,24.2,37.7,7.08,3.236,0,0
Café,Eje Cafetero,18.4,49.5,4.5,0.522,0,0
Maíz,Llanos Orientales,23.0,52.5,4.74,1.23,0,0
Arroz,Valle del Cauca,20.7,73.5,5.49,5.542,0,0
Café,Región Caribe,19.9,58.1,7.28,0.676,0,0
Café,Eje Cafetero,28.1,31.4,4.0,0.375,0,0
Arroz,Valle del Cauca,22.8,62.7,8.2,5.146,0,0
Café,Región Caribe,23.1,79.7,5.16,1.165,0,0
Café,Llanos Orientales,22.3,61.0,5.35,0.695,0,0
Arroz,Región Andina,22.0,54.8,5.9,5.23,0,0
Café,Región Caribe,22.7,58.3,5.25,0.887,0,0
Maíz,Llanos Orientales,21.3,72.0,6.0,2.27,0,0
Café,Llanos Orientales,25.4,56.4,5.7,0.815,0,0
Papa,Llanos Orientales,20.1,44.0,6.05,13.203,0,0
Café,Valle del Cauca,22.9,36.0,7.15,0.413,0,0
Arroz,Valle del Cauca,11.1,54.5,6.13,2.895,0,0
Arroz,Eje Cafetero,27.0,45.9,6.07,3.739,0,0
Maíz,Región Caribe,29.3,43.8,7.04,1.067,0,0
Arroz,Valle del Cauca,20.5,72.5,7.64,5.498,0,0
Café,Valle del Cauca,18.1,75.3,5.13,0.999,0,0
Café,Valle del Cauca,29.4,73.0,6.67,0.896,0,0
Maíz,Región Caribe,17.1,69.2,6.36,1.389,0,0
Arroz,Región Andina,22.4,50.4,6.6,4.589,0,0
Papa,Llanos Orientales,31.1,58.9,7.15,17.082,1,0
Maíz,Llanos Orientales,18.7,59.2,7.19,1.267,0,0
Maíz,Región Andina,20.4,44.7,6.29,1.115,0,0
Maíz,Eje Cafetero,29.0,65.6,7.99,1.694,0,0
Arroz,Eje Cafetero,23.7,75.8,5.36,5.398,0,0
Papa,Región Caribe,19.0,41.6,5.48,13.08,0,0
Arroz,Valle del Cauca,22.1,59.2,5.07,4.467,0,0
Café,Llanos Orientales,19.2,46.7,6.98,0.546,0,0
Plátano,Valle del Cauca,29.1,36.7,5.47,4.747,0,0
Café,Valle del Cauca,16.3,42.3,6.26,0.53,0,0
Arroz,Llanos Orientales,17.1,52.2,6.23,3.531,0,0
Maíz,Región Caribe,24.6,56.9,6.57,1.689,0,0
Arroz,Llanos Orientales,21.2,31.3,7.18,2.596,0,0
Papa,Valle del Cauca,22.8,63.1,6.53,19.145,0,0
Plátano,Valle del Cauca,14.8,63.3,8.02,6.007,0,0
Arroz,Llanos Orientales,15.9,40.2,7.39,3.099,0,0
Maíz,Llanos Orientales,21.6,62.2,6.57,1.578,0,0
Café,Eje Cafetero,24.4,37.8,6.63,0.497,0,0
Arroz,Valle del Cauca,24.8,51.3,6.77,3.649,0,0
Café,Llanos Orientales,16.3,80.0,6.26,0.854,0,0
Café,Región Caribe,31.4,50.6,5.88,0.508,1,0
Plátano,Eje Cafetero,19.1,100.0,4.88,12.587,0,0
Arroz,Valle del Cauca,23.1,57.7,6.29,4.523,0,0
Arroz,Valle del Cauca,24.6,77.4,4.48,5.958,0,0
Papa,Región Andina,22.1,37.8,5.83,14.997,0,0
Maíz,Eje Cafetero,25.1,20.2,7.72,0.481,0,1
Papa,Región Caribe,25.5,49.8,7.47,15.382,0,0
Maíz,Valle del Cauca,20.2,43.2,5.49,1.05,0,0
Maíz,Valle del Cauca,15.8,79.9,6.81,1.83,0,0
Café,Eje Cafetero,20.4,46.4,7.06,0.65,0,0
Arroz,Llanos Orientales,22.3,78.6,5.66,6.131,0,0
Plátano,Región Caribe,21.8,67.4,4.0,7.695,0,0
Plátano,Región Caribe,17.4,41.5,7.3,5.646,0,0
Maíz,Llanos Orientales,25.7,39.6,5.37,0.856,0,0
Café,Valle del Cauca,28.6,24.0,5.66,0.279,0,1
Arroz,Eje Cafetero,23.0,57.4,4.63,4.358,0,0
Arroz,Región Andina,24.1,52.4,5.37,4.304,0,0
Arroz,Región Andina,23.5,33.3,6.04,2.411,0,0
Café,Región Andina,20.1,72.0,5.87,0.993,0,0
Café,Región Andina,19.9,74.0,7.04,0.981,0,0
Plátano,Región Andina,21.2,19.6,4.01,3.012,0,1
Café,Eje Cafetero,22.6,27.7,5.88,0.4,0,1
Papa,Región Andina,32.3,89.7,4.6,22.606,1,0
Café,Eje Cafetero,19.1,58.4,6.41,0.786,0,0
Arroz,Llanos Orientales,23.7,69.6,5.62,5.918,0,0
Maíz,Eje Cafetero,25.5,30.8,6.81,0.679,0,0
Café,Valle del Cauca,17.5,35.2,7.32,0.401,0,0
Arroz,Región Caribe,15.2,45.4,4.66,3.412,0,0
Café,Llanos Orientales,19.7,32.5,5.7,0.461,0,0
Arroz,Región Caribe,23.5,49.7,5.72,3.736,0,0
Maíz,Región Andina,21.9,50.2,6.55,1.403,0,0
Café,Valle del Cauca,22.2,21.8,5.36,0.285,0,1
Café,Llanos Orientales,29.7,57.1,6.92,0.674,0,0
Café,Eje Cafetero,31.5,45.2,5.96,0.487,1,0
Arroz,Llanos Orientales,27.4,73.2,4.78,4.948,0,0
Maíz,Región Caribe,26.2,93.8,5.32,2.072,0,0
Plátano,Región Caribe,23.8,31.1,7.14,3.932,0,0
Café,Valle del Cauca,27.3,56.3,6.85,0.773,0,0
Café,Región Andina,20.3,62.6,5.42,0.891,0,0
Plátano,Valle del Cauca,21.4,59.7,6.47,8.066,0,0
Maíz,Eje Cafetero,29.9,79.9,5.04,1.9,0,0
Café,Región Andina,25.1,37.5,4.51,0.424,0,0
Maíz,Llanos Orientales,15.3,34.6,5.96,0.792,0,0
Café,Eje Cafetero,26.0,80.5,6.81,1.075,0,0
Maíz,Eje Cafetero,20.2,81.5,6.74,2.013,0,0
Papa,Región Andina,19.4,60.5,6.85,21.295,0,0
Maíz,Región Caribe,23.5,71.1,6.2,1.906,0,0
Café,Valle del Cauca,27.7,55.0,4.0,0.711,0,0
Maíz,Región Caribe,22.1,20.4,6.19,0.647,0,1
Café,Eje Cafetero,18.9,86.5,5.28,0.996,0,0
Café,Región Caribe,25.6,61.1,6.71,0.654,0,0
Café,Valle del Cauca,26.4,53.1,6.9,0.659,0,0
Café,Región Caribe,26.7,46.6,5.6,0.645,0,0
Plátano,Valle del Cauca,26.5,30.0,7.5,3.343,0,0
Café,Región Andina,21.0,39.7,6.36,0.47,0,0
Papa,Llanos Orientales,35.4,49.2,6.92,11.003,1,0
Maíz,Región Andina,24.1,38.3,6.7,0.901,0,0
Café,Región Andina,17.9,66.2,6.57,0.82,0,0
Arroz,Región Andina,17.6,22.9,6.72,1.495,0,1
Arroz,Eje Cafetero,23.6,56.9,4.83,4.827,0,0
Café,Eje Cafetero,27.4,40.8,6.43,0.467,0,0
Arroz,Región Andina,22.2,88.7,6.55,8.051,0,0
Café,Llanos Orientales,24.4,19.7,5.88,0.294,0,1
Arroz,Región Caribe,22.3,49.0,5.49,3.603,0,0
Arroz,Región Caribe,25.9,50.8,6.23,3.786,0,0
Café,Región Andina,15.5,62.5,6.98,0.692,0,0
Papa,Eje Cafetero,17.1,70.1,7.32,23.422,0,0
Papa,Eje Cafetero,22.6,48.0,5.59,16.348,0,0
Maíz,Eje Cafetero,18.4,53.9,7.31,1.543,0,0
Café,Valle del Cauca,19.9,65.3,5.53,0.952,0,0
Maíz,Región Andina,21.1,43.1,5.93,1.366,0,0
Maíz,Región Caribe,28.1,41.5,6.12,1.048,0,0
Arroz,Valle del Cauca,29.9,49.9,7.36,2.799,0,0
Café,Región Andina,26.4,81.0,4.95,0.843,0,0
Café,Región Andina,14.5,87.8,7.29,0.923,0,0
Arroz,Valle del Cauca,34.4,62.4,5.43,3.82,1,0
Arroz,Valle del Cauca,22.7,52.9,6.52,4.83,0,0
Maíz,Llanos Orientales,23.0,58.4,7.05,1.642,0,0
Café,Llanos Orientales,29.4,43.2,7.43,0.427,0,0
Maíz,Llanos Orientales,14.1,70.3,6.06,1.555,0,0
Café,Región Andina,17.3,59.3,4.56,0.834,0,0
Maíz,Región Andina,12.7,56.8,6.15,1.256,0,0
Café,Región Caribe,21.3,78.2,7.01,1.174,0,0
Café,Región Caribe,16.2,64.9,6.76,0.83,0,0
Café,Valle del Cauca,25.3,69.7,5.83,0.862,0,0
Café,Región Caribe,19.7,49.0,6.64,0.645,0,0
Café,Llanos Orientales,20.4,80.6,6.26,1.147,0,0
Maíz,Región Caribe,15.6,61.0,6.48,1.281,0,0
Maíz,Eje Cafetero,25.4,66.0,5.28,1.376,0,0
Maíz,Eje Cafetero,20.9,51.6,6.17,1.171,0,0
Café,Llanos Orientales,17.4,75.0,6.23,0.745,0,0
Plátano,Región Caribe,17.0,59.5,7.14,7.323,0,0
Plátano,Eje Cafetero,30.0,46.1,4.98,5.227,0,0
Plátano,Llanos Orientales,19.5,61.6,4.31,7.077,0,0
Plátano,Valle del Cauca,27.1,54.7,6.83,6.522,0,0
Plátano,Región Caribe,21.7,76.4,7.25,9.896,0,0
Plátano,Región Caribe,19.7,57.8,6.36,6.282,0,0
Maíz,Región Andina,22.2,77.2,7.72,1.865,0,0
Arroz,Llanos Orientales,26.3,63.5,6.67,5.168,0,0
Papa,Valle del Cauca,28.0,55.8,6.7,16.139,0,0
Maíz,Región Caribe,27.3,60.4,5.62,1.564,0,0
Café,Eje Cafetero,23.0,40.5,6.07,0.56,0,0
Papa,Eje Cafetero,23.9,48.9,6.05,17.247,0,0
Café,Región Andina,23.0,59.6,6.94,0.93,0,0
Maíz,Región Caribe,21.2,46.3,6.51,1.443,0,0
Café,Eje Cafetero,23.4,47.9,7.43,0.556,0,0
Maíz,Llanos Orientales,19.8,49.9,5.97,1.516,0,0
Arroz,Valle del Cauca,20.9,70.7,5.62,5.484,0,0
Café,Valle del Cauca,20.0,74.6,4.98,1.134,0,0
Café,Valle del Cauca,17.5,47.6,5.37,0.652,0,0
Café,Llanos Orientales,24.4,70.3,5.24,0.896,0,0
Arroz,Eje Cafetero,23.6,52.1,7.13,4.988,0,0
Maíz,Llanos Orientales,18.1,30.1,5.71,0.76,0,0
Plátano,Región Andina,17.1,47.5,6.93,5.778,0,0
Papa,Región Andina,22.1,48.7,8.1,16.952,0,0
Arroz,Valle del Cauca,20.2,72.1,5.87,5.663,0,0
Café,Valle del Cauca,24.0,7.7,6.24,0.109,0,1
Maíz,Valle del Cauca,28.1,39.2,7.07,0.793,0,0
Papa,Región Caribe,17.9,42.1,6.6,11.926,0,0
Plátano,Región Andina,20.1,42.5,6.92,6.404,0,0
Papa,Valle del Cauca,27.3,58.5,5.72,18.411,0,0
Café,Región Caribe,24.2,48.5,6.69,0.573,0,0
Café,Llanos Orientales,24.4,77.1,5.63,0.976,0,0
Maíz,Región Andina,24.1,37.0,5.49,1.121,0,0
Plátano,Eje Cafetero,23.3,51.6,4.19,7.464,0,0
Café,Llanos Orientales,12.5,56.4,7.65,0.63,0,0
Plátano,Llanos Orientales,27.3,48.4,5.66,5.768,0,0
Arroz,Región Andina,17.0,82.6,6.04,5.312,0,0
Arroz,Región Andina,18.5,67.5,5.81,5.749,0,0
Plátano,Eje Cafetero,12.8,47.5,5.18,5.54,0,0
Maíz,Eje Cafetero,30.6,70.6,6.45,1.718,1,0
Papa,Llanos Orientales,15.6,75.2,5.46,21.031,0,0
Café,Región Andina,18.8,33.3,6.65,0.384,0,0
Arroz,Eje Cafetero,22.9,44.0,5.37,3.819,0,0
Maíz,Valle del Cauca,18.0,72.2,6.99,2.102,0,0
Café,Eje Cafetero,28.6,47.3,5.46,0.607,0,0
Café,Región Andina,24.9,51.6,6.49,0.572,0,0
Plátano,Región Andina,16.8,59.8,6.85,6.531,0,0
Café,Región Caribe,21.1,81.6,5.84,1.176,0,0
Papa,Llanos Orientales,24.6,75.4,5.2,22.125,0,0
Café,Eje Cafetero,18.2,21.1,6.41,0.241,0,1
Maíz,Llanos Orientales,29.7,62.5,5.62,1.453,0,0
Maíz,Llanos Orientales,26.1,56.9,7.34,1.485,0,0
Plátano,Valle del Cauca,18.2,56.2,7.17,7.449,0,0
Maíz,Llanos Orientales,24.1,64.1,6.36,1.649,0,0
Café,Región Caribe,17.9,29.4,6.6,0.411,0,1
Arroz,Valle del Cauca,26.4,60.7,6.59,5.066,0,0
Arroz,Región Caribe,20.5,46.7,4.83,4.232,0,0
Café,Llanos Orientales,13.4,39.5,5.83,0.382,0,0
Arroz,Región Andina,30.5,62.5,5.48,4.783,1,0
Arroz,Eje Cafetero,16.2,29.9,5.67,1.943,0,1
Café,Región Andina,26.7,67.5,5.98,0.835,0,0
Café,Región Caribe,28.7,62.9,5.56,0.639,0,0
Café,Región Caribe,26.0,58.4,6.6,0.726,0,0
Café,Región Caribe,17.1,40.2,7.27,0.453,0,0
Plátano,Región Caribe,28.9,42.0,5.51,4.773,0,0
Arroz,Valle del Cauca,26.6,79.2,6.86,6.896,0,0
Café,Región Caribe,17.1,71.4,6.07,0.999,0,0
Maíz,Valle del Cauca,29.8,39.6,5.7,0.843,0,0
Café,Eje Cafetero,22.9,47.1,5.72,0.633,0,0
Arroz,Eje Cafetero,22.1,26.6,6.52,2.613,0,1
Plátano,Llanos Orientales,20.8,34.3,5.31,3.884,0,0
Café,Llanos Orientales,18.7,87.7,6.9,0.96,0,0
Papa,Llanos Orientales,24.5,47.9,5.96,16.814,0,0
Maíz,Llanos Orientales,21.7,76.9,4.44,2.158,0,0
Café,Eje Cafetero,22.6,77.5,6.4,1.122,0,0
Arroz,Valle del Cauca,18.7,43.0,6.44,3.289,0,0
Café,Eje Cafetero,23.4,81.7,5.98,1.272,0,0
Café,Región Andina,14.0,43.8,6.02,0.478,0,0
Plátano,Región Andina,26.3,49.1,5.9,5.817,0,0
Arroz,Llanos Orientales,21.1,41.4,7.14,3.024,0,0
Café,Eje Cafetero,29.4,35.6,5.39,0.364,0,0
Café,Región Andina,19.3,53.1,6.28,0.651,0,0
Café,Llanos Orientales,19.7,35.2,5.47,0.485,0,0
Maíz,Valle del Cauca,22.2,63.0,7.06,1.582,0,0
Plátano,Valle del Cauca,17.4,76.8,5.96,10.31,0,0
Café,Valle del Cauca,21.5,38.9,6.96,0.446,0,0
Café,Llanos Orientales,20.3,70.1,6.53,1.005,0,0
Arroz,Valle del Cauca,24.3,88.2,5.61,6.553,0,0
Plátano,Región Caribe,19.1,46.7,5.57,5.635,0,0
Maíz,Llanos Orientales,29.1,39.5,6.67,0.818,0,0
Papa,Valle del Cauca,16.9,41.7,5.87,10.694,0,0
Arroz,Valle del Cauca,26.4,64.3,7.08,4.684,0,0
Café,Eje Cafetero,24.3,80.2,5.17,0.947,0,0
Café,Llanos Orientales,23.1,5.0,7.32,0.067,0,1
Arroz,Región Caribe,18.8,48.4,7.55,3.715,0,0
Arroz,Región Andina,32.0,55.2,6.15,3.237,1,0
Café,Región Caribe,20.3,37.9,5.59,0.542,0,0
Café,Valle del Cauca,20.0,71.1,7.01,0.956,0,0
Arroz,Valle del Cauca,29.6,67.3,6.15,4.34,0,0
Arroz,Llanos Orientales,25.4,32.3,5.88,2.694,0,0
Café,Llanos Orientales,20.8,61.6,5.09,0.79,0,0
Café,Llanos Orientales,17.2,89.4,5.05,0.996,0,0
Arroz,Llanos Orientales,22.9,84.2,7.96,7.005,0,0
Café,Región Caribe,14.5,74.1,6.04,0.717,0,0
Arroz,Valle del Cauca,25.5,70.9,6.83,6.479,0,0
Arroz,Región Andina,23.7,74.8,4.82,6.656,0,0
Café,Región Caribe,24.3,76.4,7.49,1.017,0,0
Café,Valle del Cauca,27.2,32.6,4.43,0.336,0,0
Café,Región Andina,25.2,53.5,4.0,0.629,0,0
Papa,Eje Cafetero,24.9,49.1,5.16,13.29,0,0
Papa,Región Caribe,22.8,56.4,6.7,18.993,0,0
Café,Región Andina,29.0,35.4,5.81,0.347,0,0
Café,Eje Cafetero,11.2,74.2,6.28,0.872,0,0
Maíz,Región Andina,20.8,19.1,6.09,0.575,0,1
Maíz,Eje Cafetero,13.0,79.3,5.51,1.789,0,0
Café,Valle del Cauca,26.7,69.8,6.2,0.912,0,0
Arroz,Región Caribe,26.9,75.2,6.86,5.227,0,0
Maíz,Región Caribe,20.4,62.5,6.15,1.7,0,0
Maíz,Valle del Cauca,17.6,73.3,6.62,2.101,0,0
Maíz,Eje Cafetero,27.0,63.6,6.2,1.635,0,0
Café,Región Andina,19.3,70.1,6.41,0.994,0,0
Maíz,Eje Cafetero,26.5,68.5,6.62,1.687,0,0
Arroz,Región Andina,21.2,66.3,6.37,5.877,0,0
Café,Valle del Cauca,23.0,37.4,6.12,0.42,0,0
Café,Valle del Cauca,23.5,37.4,6.2,0.423,0,0
Plátano,Región Caribe,13.9,30.6,5.56,3.516,0,0
Café,Región Andina,30.8,58.1,6.66,0.721,1,0
Café,Llanos Orientales,22.8,24.2,5.45,0.345,0,1
Café,Valle del Cauca,19.7,94.0,7.27,1.374,0,0
Maíz,Región Caribe,18.1,36.5,7.99,0.937,0,0
Café,Valle del Cauca,23.5,41.1,5.8,0.473,0,0
Maíz,Valle del Cauca,24.2,97.5,5.9,2.536,0,0
Café,Eje Cafetero,13.1,29.9,5.29,0.283,0,1
Arroz,Llanos Orientales,28.9,26.6,6.07,1.815,0,1
Plátano,Región Andina,28.3,64.5,7.35,6.998,0,0
Papa,Valle del Cauca,19.3,70.2,6.04,23.553,0,0
Maíz,Llanos Orientales,17.2,70.1,6.39,1.625,0,0
Café,Región Andina,20.1,63.5,4.96,0.756,0,0
Maíz,Llanos Orientales,20.8,63.0,7.19,1.852,0,0
Maíz,Eje Cafetero,22.2,65.4,4.99,1.868,0,0
Maíz,Región Caribe,24.3,62.8,6.58,1.798,0,0
Café,Eje Cafetero,25.1,34.5,6.1,0.382,0,0
Café,Valle del Cauca,18.4,65.0,4.9,0.774,0,0
Papa,Región Caribe,11.3,48.9,6.02,12.267,0,0
Café,Región Caribe,22.9,74.0,8.5,1.166,0,0
Café,Región Caribe,24.7,64.4,6.25,0.806,0,0
Café,Región Andina,26.2,25.5,6.31,0.297,0,1
Plátano,Región Caribe,26.4,17.1,7.24,2.013,0,1
Maíz,Valle del Cauca,28.2,48.7,6.25,1.328,0,0
Café,Llanos Orientales,28.9,67.0,5.37,0.686,0,0
Café,Llanos Orientales,14.8,66.2,7.14,0.754,0,0
Maíz,Valle del Cauca,21.2,48.6,7.26,1.54,0,0
Café,Región Caribe,19.2,46.0,4.96,0.565,0,0
Plátano,Eje Cafetero,27.5,39.2,7.74,5.177,0,0
Papa,Región Caribe,14.1,60.5,6.91,16.368,0,0
Arroz,Valle del Cauca,17.7,84.3,5.68,6.778,0,0
Maíz,Región Caribe,16.7,82.0,7.87,1.718,0,0
Maíz,Eje Cafetero,15.7,61.1,7.28,1.449,0,0
Café,Región Andina,19.2,45.2,7.57,0.511,0,0
Maíz,Región Caribe,17.0,54.4,5.72,1.355,0,0
Maíz,Región Andina,14.9,40.4,4.64,1.05,0,0
Café,Región Caribe,18.9,49.4,6.39,0.525,0,0
Café,Región Andina,17.3,39.0,5.9,0.429,0,0
Arroz,Región Andina,26.2,58.3,7.33,4.323,0,0
Arroz,Eje Cafetero,23.8,40.1,5.15,2.865,0,0
Café,Llanos Orientales,24.4,22.0,4.8,0.294,0,1
Café,Llanos Orientales,30.4,68.5,7.05,0.761,1,0
Café,Región Caribe,28.0,76.3,6.1,0.906,0,0
Arroz,Llanos Orientales,26.5,40.0,6.81,2.619,0,0
Arroz,Región Andina,20.2,30.5,6.83,2.066,0,0
Maíz,Valle del Cauca,20.9,65.1,6.37,1.617,0,0
Arroz,Región Andina,20.0,38.7,6.13,3.277,0,0
Arroz,Eje Cafetero,24.2,42.6,4.6,3.605,0,0
Arroz,Eje Cafetero,25.7,55.8,6.62,4.764,0,0
Café,Eje Cafetero,24.0,48.9,6.53,0.739,0,0
Maíz,Eje Cafetero,22.7,57.0,6.92,1.308,0,0
Maíz,Eje Cafetero,19.3,48.2,6.85,1.396,0,0
Papa,Llanos Orientales,24.0,50.7,5.85,17.469,0,0
Café,Eje Cafetero,21.3,47.9,6.04,0.569,0,0
Café,Eje Cafetero,21.4,61.1,7.28,0.916,0,0
Plátano,Eje Cafetero,25.5,41.3,6.36,5.427,0,0
Arroz,Eje Cafetero,21.1,87.5,5.88,6.4,0,0
Papa,Región Caribe,26.7,33.0,7.73,10.216,0,0
Café,Región Andina,27.7,52.3,6.68,0.525,0,0
Papa,Región Caribe,25.8,40.9,5.82,13.178,0,0
Café,Llanos Orientales,26.8,81.1,5.38,1.131,0,0
Café,Región Caribe,18.2,62.6,6.24,0.739,0,0
Maíz,Región Andina,20.3,48.4,5.74,1.103,0,0
Maíz,Eje Cafetero,21.8,51.7,6.1,1.499,0,0
Maíz,Región Caribe,11.1,39.3,6.59,0.684,0,0
Café,Llanos Orientales,26.0,58.6,6.69,0.786,0,0
Café,Región Andina,25.6,52.8,5.79,0.587,0,0
Maíz,Región Andina,21.3,57.3,5.35,1.555,0,0
Café,Llanos Orientales,22.7,49.8,6.09,0.578,0,0
Maíz,Llanos Orientales,25.3,57.3,6.0,1.554,0,0
Café,Valle del Cauca,25.4,40.3,6.91,0.428,0,0
Maíz,Región Andina,15.6,89.3,5.66,2.068,0,0
Papa,Eje Cafetero,22.2,46.0,6.78,14.41,0,0
Arroz,Valle del Cauca,13.6,60.2,5.69,3.821,0,0
Café,Valle del Cauca,16.0,57.9,5.59,0.605,0,0
Maíz,Región Caribe,21.5,17.6,6.12,0.411,0,1
Plátano,Llanos Orientales,17.2,35.9,5.37,4.77,0,0
Café,Eje Cafetero,19.8,53.3,5.04,0.748,0,0
Café,Eje Cafetero,29.1,56.2,5.62,0.585,0,0
Maíz,Valle del Cauca,18.0,48.9,7.62,1.25,0,0
Arroz,Llanos Orientales,22.2,19.6,6.79,1.743,0,1
Café,Región Caribe,25.6,78.7,5.8,0.879,0,0
Café,Llanos Orientales,18.9,40.2,6.92,0.437,0,0
Arroz,Llanos Orientales,24.0,47.8,6.44,4.525,0,0
Maíz,Región Caribe,27.4,28.4,5.86,0.783,0,1
Plátano,Eje Cafetero,20.5,64.7,7.01,9.814,0,0
Papa,Región Caribe,26.7,29.4,5.33,9.178,0,1
Papa,Valle del Cauca,20.2,50.0,5.9,14.775,0,0
Café,Valle del Cauca,29.2,69.9,7.18,0.699,0,0
Maíz,Llanos Orientales,19.9,13.6,5.73,0.358,0,1
Maíz,Región Andina,17.0,75.6,6.33,1.651,0,0
Maíz,Región Caribe,19.4,29.3,6.4,0.765,0,1
Café,Región Andina,22.0,51.1,5.87,0.805,0,0
Café,Llanos Orientales,18.7,60.8,7.69,0.868,0,0
Maíz,Región Caribe,23.7,65.9,6.93,1.551,0,0
Papa,Región Caribe,14.7,61.9,6.08,18.787,0,0
Maíz,Eje Cafetero,21.4,48.8,4.84,1.496,0,0
Café,Llanos Orientales,22.0,21.8,5.4,0.347,0,1
Maíz,Región Caribe,13.9,63.7,4.58,1.508,0,0
Arroz,Llanos Orientales,19.0,76.5,5.7,6.973,0,0
Arroz,Valle del Cauca,23.9,61.8,5.7,4.825,0,0
Arroz,Llanos Orientales,21.4,36.5,8.36,3.185,0,0
Maíz,Región Andina,20.5,50.5,5.84,1.109,0,0
Maíz,Eje Cafetero,33.4,53.4,6.69,1.043,1,0
Papa,Valle del Cauca,32.2,67.3,7.23,17.199,1,0
Maíz,Llanos Orientales,27.6,54.5,6.11,1.212,0,0
Maíz,Valle del Cauca,24.9,62.8,6.19,1.717,0,0
Papa,Eje Cafetero,25.3,77.5,5.0,20.545,0,0
Papa,Llanos Orientales,26.5,45.1,4.72,13.533,0,0
Papa,Valle del Cauca,28.8,64.7,6.59,16.253,0,0
Maíz,Llanos Orientales,25.7,67.3,6.34,1.829,0,0
Papa,Llanos Orientales,13.7,41.8,7.9,13.193,0,0
Arroz,Valle del Cauca,27.9,57.4,6.32,4.622,0,0
Maíz,Valle del Cauca,21.2,64.8,5.43,1.881,0,0
Papa,Llanos Orientales,23.6,58.4,6.66,17.045,0,0
Arroz,Región Andina,28.5,50.5,8.45,3.631,0,0
Café,Región Caribe,25.7,65.7,6.95,0.782,0,0
Maíz,Llanos Orientales,18.7,63.0,4.67,1.501,0,0
Plátano,Región Andina,27.3,39.5,6.17,4.409,0,0
Plátano,Llanos Orientales,19.5,57.5,5.75,6.214,0,0
Café,Región Caribe,32.8,61.8,6.11,0.602,1,0
Café,Región Andina,14.8,76.5,6.07,0.738,0,0
Café,Región Andina,17.6,58.6,6.13,0.8,0,0
Café,Región Andina,19.4,83.5,4.9,1.205,0,0
Café,Llanos Orientales,16.4,34.8,5.95,0.35,0,0
Arroz,Eje Cafetero,18.3,58.3,7.15,4.531,0,0
Café,Región Andina,25.9,29.5,5.16,0.398,0,1
Café,Región Andina,9.2,51.9,5.43,0.416,0,0
Café,Región Caribe,17.2,42.5,5.34,0.558,0,0
Plátano,Valle del Cauca,22.2,53.1,6.55,7.499,0,0
Café,Región Caribe,26.8,49.2,5.95,0.644,0,0
Papa,Región Caribe,21.6,30.3,6.35,11.061,0,0
Café,Llanos Orientales,21.6,76.8,5.33,0.964,0,0
Arroz,Valle del Cauca,29.6,52.1,7.66,3.235,0,0
Arroz,Región Caribe,21.9,57.3,5.87,5.469,0,0
Café,Eje Cafetero,14.8,66.4,5.57,0.724,0,0
Maíz,Región Caribe,15.2,38.8,6.21,0.855,0,0
Arroz,Valle del Cauca,19.5,51.8,6.35,4.77,0,0
Arroz,Llanos Orientales,28.1,54.1,6.06,4.069,0,0
Café,Región Andina,18.0,65.7,5.67,0.877,0,0
Café,Eje Cafetero,18.7,43.4,6.08,0.525,0,0
Café,Región Caribe,20.3,74.0,6.03,0.857,0,0
Plátano,Región Andina,27.2,41.0,7.6,4.784,0,0
Arroz,Llanos Orientales,15.1,39.1,4.92,2.915,0,0
Café,Eje Cafetero,22.5,43.6,7.72,0.57,0,0
Arroz,Región Andina,26.5,27.4,6.68,2.387,0,1
Café,Eje Cafetero,27.2,55.8,4.25,0.672,0,0
Arroz,Eje Cafetero,19.7,27.7,4.0,2.125,0,1
Plátano,Región Andina,18.6,54.4,4.22,7.715,0,0
Café,Región Caribe,27.9,39.6,4.72,0.462,0,0
Papa,Eje Cafetero,17.7,44.1,5.85,14.822,0,0
Maíz,Región Andina,18.8,46.3,5.33,1.355,0,0
Café,Llanos Orientales,13.1,46.0,6.14,0.445,0,0
Maíz,Eje Cafetero,19.1,35.8,6.26,1.065,0,0
Arroz,Región Caribe,25.0,52.6,4.58,4.224,0,0
Café,Región Andina,20.3,80.1,6.49,1.232,0,0
Café,Región Andina,20.6,68.2,6.81,1.05,0,0
Maíz,Valle del Cauca,22.8,72.5,6.31,1.786,0,0
Maíz,Región Andina,19.0,26.7,5.49,0.594,0,1
Maíz,Región Caribe,22.7,39.6,5.19,0.911,0,0
Café,Eje Cafetero,18.4,32.2,6.67,0.464,0,0
Arroz,Llanos Orientales,27.5,55.8,6.7,3.373,0,0
Café,Valle del Cauca,18.4,67.4,6.6,0.717,0,0
Café,Región Andina,20.6,54.9,7.26,0.751,0,0
Café,Eje Cafetero,20.6,44.2,6.44,0.506,0,0
Papa,Eje Cafetero,19.1,47.9,5.18,14.33,0,0
Maíz,Valle del Cauca,28.5,53.6,4.54,1.37,0,0
Café,Región Andina,26.0,40.3,6.9,0.432,0,0
Café,Valle del Cauca,27.5,55.8,6.4,0.695,0,0
Papa,Llanos Orientales,19.9,59.2,7.13,20.695,0,0
Maíz,Llanos Orientales,20.2,44.0,7.67,1.001,0,0
Maíz,Llanos Orientales,24.7,41.5,5.08,1.214,0,0
Plátano,Región Andina,19.6,41.3,5.93,4.546,0,0
Papa,Región Andina,20.1,30.5,5.23,9.899,0,0
Café,Llanos Orientales,28.9,56.4,8.19,0.704,0,0
Maíz,Región Andina,23.6,68.7,7.58,1.545,0,0
Arroz,Llanos Orientales,28.8,65.9,6.66,3.864,0,0
Papa,Llanos Orientales,20.1,62.1,6.05,21.478,0,0
Café,Región Caribe,19.5,34.8,6.93,0.386,0,0
Café,Región Andina,31.8,71.4,5.48,0.794,1,0
Café,Región Caribe,16.1,26.2,5.63,0.258,0,1
Café,Valle del Cauca,25.3,39.6,6.07,0.54,0,0
Café,Región Andina,19.5,43.1,5.57,0.488,0,0
Papa,Eje Cafetero,25.2,44.3,7.01,13.654,0,0
Arroz,Valle del Cauca,22.7,38.4,4.04,3.085,0,0
Maíz,Región Caribe,30.1,87.2,6.33,1.689,1,0
Maíz,Valle del Cauca,19.1,55.5,6.16,1.317,0,0
Café,Valle del Cauca,14.9,34.2,5.44,0.38,0,0
Café,Región Andina,16.4,52.0,7.03,0.569,0,0
Papa,Valle del Cauca,15.3,60.5,5.46,19.267,0,0
Maíz,Valle del Cauca,25.6,43.9,6.84,0.933,0,0
Papa,Eje Cafetero,19.5,62.1,4.57,17.289,0,0
Arroz,Llanos Orientales,20.7,51.4,5.88,4.271,0,0
Arroz,Eje Cafetero,33.8,52.6,6.96,2.727,1,0
Arroz,Región Caribe,20.2,43.9,6.72,3.702,0,0
Papa,Llanos Orientales,21.3,100.0,6.44,38.821,0,0
Papa,Llanos Orientales,17.9,37.6,7.17,12.958,0,0
Plátano,Llanos Orientales,26.2,78.9,7.39,8.355,0,0
Arroz,Región Andina,21.4,70.2,6.1,6.578,0,0
Arroz,Llanos Orientales,20.3,53.1,5.63,4.272,0,0
Plátano,Llanos Orientales,18.9,27.5,6.02,3.976,0,1
Plátano,Región Caribe,24.4,79.7,5.22,10.828,0,0
Arroz,Valle del Cauca,21.3,46.5,5.56,3.2,0,0
Café,Región Caribe,23.3,22.9,4.19,0.257,0,1
Arroz,Llanos Orientales,19.9,27.8,6.48,1.989,0,1
Café,Eje Cafetero,14.9,50.8,6.26,0.616,0,0
Maíz,Llanos Orientales,24.7,18.6,6.38,0.491,0,1
Café,Valle del Cauca,20.6,47.9,5.08,0.732,0,0
Maíz,Región Caribe,27.7,60.2,5.16,1.469,0,0
Café,Llanos Orientales,16.0,25.6,5.84,0.334,0,1
Arroz,Región Caribe,17.2,66.3,5.42,4.306,0,0
Arroz,Región Caribe,20.5,42.5,6.38,3.492,0,0
Café,Región Caribe,23.5,78.1,7.37,1.104,0,0
Papa,Valle del Cauca,24.4,54.4,8.05,20.279,0,0
Café,Región Andina,22.9,53.5,6.27,0.629,0,0
Arroz,Eje Cafetero,19.9,64.9,5.05,4.38,0,0
Maíz,Llanos Orientales,22.0,84.2,5.09,2.028,0,0
Arroz,Eje Cafetero,25.0,54.5,7.35,4.919,0,0
Plátano,Región Caribe,17.7,30.7,4.77,4.296,0,0
Café,Llanos Orientales,23.9,63.8,5.06,0.749,0,0
Maíz,Región Caribe,22.7,61.8,5.36,1.554,0,0
Café,Región Andina,19.3,64.6,8.5,0.828,0,0
Café,Eje Cafetero,23.6,38.8,5.76,0.539,0,0
Maíz,Región Caribe,26.8,50.3,5.09,1.221,0,0
Café,Región Andina,24.3,39.2,6.87,0.434,0,0
Arroz,Región Caribe,19.1,51.2,7.38,4.02,0,0
Café,Valle del Cauca,26.8,41.1,6.32,0.536,0,0
Café,Valle del Cauca,21.5,48.3,6.75,0.535,0,0
Café,Región Andina,25.9,37.6,6.13,0.485,0,0
Café,Valle del Cauca,20.6,69.7,6.34,0.814,0,0
Café,Región Andina,18.9,39.8,6.4,0.577,0,0
Maíz,Valle del Cauca,22.3,45.9,6.04,1.356,0,0
Maíz,Llanos Orientales,25.6,44.5,5.53,1.049,0,0
Plátano,Valle del Cauca,21.0,33.6,5.93,5.267,0,0
Papa,Región Andina,27.7,70.8,5.58,19.299,0,0
Maíz,Llanos Orientales,25.4,73.4,7.03,1.628,0,0
Maíz,Región Caribe,17.1,55.0,4.68,1.105,0,0
Arroz,Región Caribe,25.1,34.6,4.75,3.089,0,0
Papa,Valle del Cauca,29.4,78.6,5.22,18.711,0,0
Café,Región Caribe,20.9,41.8,5.6,0.602,0,0
Café,Llanos Orientales,28.5,45.8,6.25,0.516,0,0
Maíz,Llanos Orientales,20.6,70.0,6.96,1.621,0,0
Papa,Región Andina,25.0,44.7,4.98,12.778,0,0
Arroz,Región Caribe,23.9,88.1,7.52,7.751,0,0
Café,Eje Cafetero,18.9,5.0,6.67,0.06,0,1
Plátano,Llanos Orientales,16.5,35.8,6.05,3.907,0,0
Papa,Llanos Orientales,29.9,48.0,5.99,11.707,0,0
Maíz,Región Caribe,33.9,67.4,5.73,1.286,1,0
Maíz,Valle del Cauca,25.2,93.8,5.92,2.032,0,0
Arroz,Región Andina,17.8,44.8,5.38,2.854,0,0
Maíz,Región Andina,22.9,62.2,6.7,1.422,0,0
Plátano,Región Andina,10.2,45.0,7.72,4.038,0,0
Plátano,Eje Cafetero,25.7,37.7,6.82,4.865,0,0
Papa,Región Caribe,27.0,46.9,6.21,13.566,0,0
Café,Valle del Cauca,23.8,73.3,6.02,0.82,0,0
Arroz,Eje Cafetero,24.9,72.1,6.67,4.961,0,0
Café,Región Andina,25.5,59.7,5.33,0.641,0,0
Papa,Eje Cafetero,23.5,80.3,5.76,26.286,0,0
Papa,Eje Cafetero,24.2,64.9,6.71,23.577,0,0
Café,Eje Cafetero,19.5,59.9,5.04,0.734,0,0
Plátano,Región Caribe,22.1,61.4,4.67,8.976,0,0
Café,Llanos Orientales,22.1,73.1,6.67,0.823,0,0
Maíz,Región Caribe,25.9,65.4,5.47,1.779,0,0
Café,Región Andina,23.6,62.3,5.33,0.721,0,0
Papa,Valle del Cauca,18.6,58.5,7.33,18.857,0,0
Café,Región Andina,25.1,64.3,6.65,0.951,0,0
Maíz,Región Andina,22.6,35.4,5.42,0.931,0,0
Papa,Región Andina,22.4,65.5,5.87,19.183,0,0
Arroz,Llanos Orientales,15.3,78.1,5.6,5.794,0,0
Café,Región Andina,25.2,67.8,6.76,0.816,0,0
Maíz,Región Caribe,21.1,36.5,6.65,1.072,0,0
Café,Región Andina,18.2,15.1,5.83,0.178,0,1
Maíz,Eje Cafetero,19.3,74.9,5.69,1.616,0,0
Maíz,Región Andina,26.8,53.2,4.32,1.319,0,0
Café,Eje Cafetero,24.9,98.0,6.54,1.367,0,0
Café,Llanos Orientales,22.2,51.4,5.07,0.626,0,0
Arroz,Eje Cafetero,31.7,88.0,5.52,6.622,1,0
Maíz,Región Andina,12.8,54.8,4.98,1.067,0,0
Arroz,Región Andina,28.4,47.5,6.88,3.026,0,0
Arroz,Región Caribe,13.4,48.6,6.57,3.679,0,0
Maíz,Llanos Orientales,16.1,49.6,5.32,1.172,0,0
Café,Llanos Orientales,17.9,53.9,6.42,0.761,0,0
Maíz,Llanos Orientales,21.9,70.6,5.71,2.097,0,0
Maíz,Región Caribe,21.8,50.3,5.42,1.542,0,0
Papa,Valle del Cauca,19.4,61.1,7.77,17.428,0,0
Papa,Eje Cafetero,26.1,51.4,5.41,18.206,0,0
Arroz,Llanos Orientales,12.8,97.4,6.49,5.436,0,0
Café,Llanos Orientales,19.8,64.6,6.33,0.859,0,0
Maíz,Región Caribe,22.2,87.2,5.27,2.597,0,0
Plátano,Región Caribe,24.8,46.4,5.46,5.367,0,0
Maíz,Valle del Cauca,21.6,42.3,6.48,1.216,0,0
Café,Eje Cafetero,15.8,40.0,4.93,0.405,0,0
Papa,Eje Cafetero,22.8,72.7,7.3,24.399,0,0
Maíz,Valle del Cauca,17.9,29.9,5.66,0.609,0,1
Maíz,Eje Cafetero,24.0,40.6,7.29,1.228,0,0
Arroz,Región Andina,24.7,57.2,6.65,3.714,0,0
Papa,Eje Cafetero,18.9,59.6,5.29,15.736,0,0
Maíz,Región Caribe,14.4,35.8,6.92,0.922,0,0
Café,Llanos Orientales,20.2,36.7,5.28,0.531,0,0
Arroz,Valle del Cauca,20.3,46.6,7.27,3.178,0,0
Café,Valle del Cauca,21.1,44.3,4.0,0.487,0,0
Maíz,Llanos Orientales,29.9,36.8,4.55,0.779,0,0
Arroz,Llanos Orientales,29.5,60.5,6.73,3.678,0,0
Arroz,Valle del Cauca,28.4,57.2,5.42,4.663,0,0
Café,Eje Cafetero,21.8,50.6,8.13,0.727,0,0
Papa,Región Andina,26.0,53.7,7.12,16.617,0,0
Café,Llanos Orientales,22.0,77.1,7.08,0.997,0,0
Plátano,Llanos Orientales,15.7,77.2,6.04,10.371,0,0
Arroz,Valle del Cauca,26.8,60.9,7.45,4.567,0,0
Café,Valle del Cauca,22.8,60.9,4.95,0.922,0,0
Maíz,Región Andina,20.9,45.5,5.23,1.292,0,0
Arroz,Llanos Orientales,26.7,73.6,5.58,5.413,0,0
Maíz,Región Andina,23.1,33.3,5.9,0.847,0,0
Arroz,Región Andina,22.0,54.3,7.1,4.989,0,0
Café,Región Andina,22.7,60.1,7.87,0.671,0,0
Arroz,Región Andina,26.4,43.4,6.01,3.201,0,0
Maíz,Región Andina,21.5,65.2,5.61,1.475,0,0
Arroz,Valle del Cauca,21.8,25.6,6.25,2.359,0,1
Café,Valle del Cauca,23.3,67.6,6.48,0.938,0,0
Papa,Valle del Cauca,18.8,51.9,5.91,19.132,0,0
Maíz,Región Caribe,20.7,81.8,6.73,2.507,0,0
Café,Valle del Cauca,21.7,94.1,6.83,1.165,0,0
Papa,Región Andina,24.2,72.8,6.66,26.985,0,0
Café,Región Caribe,21.2,66.0,7.67,1.025,0,0
Café,Región Caribe,24.4,38.5,6.91,0.536,0,0
Maíz,Región Caribe,23.3,68.4,5.73,1.77,0,0
Arroz,Valle del Cauca,25.7,74.3,4.33,5.603,0,0
Papa,Región Andina,21.9,80.4,6.41,28.209,0,0
Plátano,Eje Cafetero,20.0,55.4,4.7,7.841,0,0
Café,Valle del Cauca,18.8,49.5,7.14,0.555,0,0
Maíz,Valle del Cauca,25.3,70.6,5.61,2.027,0,0
Café,Llanos Orientales,25.8,47.1,4.74,0.511,0,0
Plátano,Región Andina,24.7,27.0,6.38,3.91,0,1
Maíz,Valle del Cauca,22.5,82.8,7.19,2.153,0,0
Plátano,Región Caribe,14.2,59.0,6.28,6.581,0,0
Plátano,Región Andina,20.1,56.5,5.56,8.259,0,0
Plátano,Región Andina,22.0,45.6,5.62,6.73,0,0
Café,Valle del Cauca,22.7,32.0,5.45,0.459,0,0
Plátano,Llanos Orientales,30.5,52.8,5.84,5.186,1,0
Plátano,Llanos Orientales,26.4,80.3,5.98,9.941,0,0
Arroz,Valle del Cauca,17.4,55.8,5.23,4.335,0,0
Maíz,Eje Cafetero,22.4,62.2,6.13,1.458,0,0
Café,Valle del Cauca,16.4,20.8,6.87,0.227,0,1
Maíz,Región Andina,29.0,35.9,4.31,0.929,0,0
Maíz,Llanos Orientales,19.1,66.0,6.15,1.385,0,0
Café,Valle del Cauca,18.3,57.7,6.29,0.806,0,0
Arroz,Región Andina,23.8,63.2,4.78,5.77,0,0
Arroz,Región Andina,22.2,47.0,5.7,3.56,0,0
Arroz,Región Caribe,23.1,63.1,5.9,4.945,0,0
Papa,Región Andina,22.9,69.4,5.14,26.435,0,0
Maíz,Eje Cafetero,23.4,56.5,4.46,1.508,0,0
Plátano,Región Andina,25.1,57.5,8.5,6.312,0,0
Maíz,Región Andina,21.2,19.1,5.27,0.427,0,1
Café,Región Andina,18.1,37.1,5.7,0.47,0,0
Café,Valle del Cauca,21.6,56.3,5.04,0.829,0,0
Maíz,Región Andina,27.7,58.9,5.8,1.601,0,0
Café,Valle del Cauca,22.0,69.5,6.78,1.076,0,0
Maíz,Región Andina,23.1,43.6,6.16,1.034,0,0
Arroz,Eje Cafetero,26.6,48.9,5.44,3.171,0,0
Café,Región Caribe,26.2,52.8,7.02,0.658,0,0
Plátano,Eje Cafetero,10.3,92.1,6.88,10.206,0,0
Arroz,Eje Cafetero,19.4,41.1,6.93,2.721,0,0
Café,Región Andina,19.7,33.4,7.81,0.37,0,0
Maíz,Eje Cafetero,22.1,78.8,6.35,1.907,0,0
Papa,Eje Cafetero,27.6,40.7,7.36,12.151,0,0
Plátano,Región Andina,20.9,29.8,7.28,4.543,0,1
Maíz,Región Andina,29.6,39.1,6.66,0.931,0,0
Café,Eje Cafetero,15.8,70.8,6.02,0.934,0,0
Arroz,Llanos Orientales,15.9,49.4,4.37,3.474,0,0
Maíz,Eje Cafetero,15.8,40.3,5.18,0.813,0,0
Café,Llanos Orientales,27.1,45.7,7.34,0.506,0,0
Café,Valle del Cauca,19.8,43.1,6.62,0.484,0,0
Café,Valle del Cauca,16.0,68.0,7.36,0.834,0,0
Café,Eje Cafetero,33.6,55.2,5.86,0.541,1,0
Maíz,Llanos Orientales,24.7,17.6,6.81,0.499,0,1
Maíz,Llanos Orientales,17.1,33.1,7.43,0.889,0,0
Café,Valle del Cauca,19.8,29.7,6.53,0.352,0,1
Café,Valle del Cauca,24.0,68.8,5.32,0.998,0,0
Papa,Región Andina,24.1,40.6,6.02,13.551,0,0
Papa,Eje Cafetero,14.7,80.2,6.53,18.529,0,0
Maíz,Llanos Orientales,21.2,79.7,5.31,2.196,0,0
Plátano,Llanos Orientales,20.0,52.4,7.07,5.922,0,0
Arroz,Región Andina,26.9,58.8,6.38,4.67,0,0
Café,Eje Cafetero,22.0,26.0,5.57,0.363,0,1
Café,Valle del Cauca,27.5,51.7,5.3,0.535,0,0
Café,Llanos Orientales,17.6,48.8,6.89,0.51,0,0
Papa,Valle del Cauca,14.3,44.9,5.9,14.587,0,0
Café,Llanos Orientales,29.5,82.2,4.28,0.944,0,0
Café,Valle del Cauca,23.8,61.4,7.35,0.744,0,0
Maíz,Región Andina,22.9,35.1,6.98,0.86,0,0
Plátano,Región Caribe,22.3,38.3,6.03,5.074,0,0
Arroz,Región Andina,15.3,21.9,5.47,1.446,0,1
Arroz,Región Andina,26.7,65.2,5.59,4.953,0,0
Plátano,Eje Cafetero,22.1,52.2,7.87,7.172,0,0
Plátano,Llanos Orientales,19.6,64.7,6.79,8.036,0,0
Plátano,Región Caribe,17.2,26.7,5.3,3.706,0,1
Maíz,Eje Cafetero,28.1,27.8,5.0,0.671,0,1
Café,Llanos Orientales,12.2,19.4,5.14,0.214,0,1
Arroz,Región Caribe,15.7,69.5,6.42,4.201,0,0
Plátano,Eje Cafetero,25.3,44.8,6.8,5.009,0,0
Arroz,Región Andina,23.4,32.4,6.2,2.262,0,0
Arroz,Llanos Orientales,24.7,51.3,7.21,3.62,0,0
Café,Llanos Orientales,26.0,41.1,5.63,0.5,0,0
Plátano,Eje Cafetero,17.3,53.9,7.31,6.871,0,0
Maíz,Región Caribe,21.2,66.8,7.07,1.999,0,0
Café,Llanos Orientales,21.9,28.8,5.82,0.35,0,1
Café,Eje Cafetero,25.1,44.0,6.15,0.538,0,0
Plátano,Eje Cafetero,27.3,58.8,6.74,6.658,0,0
Arroz,Valle del Cauca,23.0,68.8,6.81,4.779,0,0
Café,Valle del Cauca,21.4,57.4,7.13,0.816,0,0
Maíz,Región Andina,26.4,80.2,5.63,1.912,0,0
Café,Eje Cafetero,20.8,43.9,6.13,0.596,0,0
Maíz,Región Caribe,23.3,59.5,5.91,1.62,0,0
Arroz,Región Caribe,22.6,43.0,6.88,4.132,0,0
Café,Región Caribe,19.8,74.8,7.96,1.037,0,0
Plátano,Eje Cafetero,24.0,86.3,5.56,12.824,0,0
Papa,Valle del Cauca,22.6,41.4,7.08,12.881,0,0
Café,Región Andina,23.8,38.8,5.88,0.538,0,0
Maíz,Región Andina,19.8,70.2,5.25,1.599,0,0
Café,Valle del Cauca,10.6,44.9,7.21,0.47,0,0
Café,Valle del Cauca,30.1,70.5,5.97,0.802,1,0
Café,Eje Cafetero,25.0,26.1,5.01,0.353,0,1
Maíz,Eje Cafetero,16.8,69.4,7.59,1.377,0,0
Café,Región Caribe,25.6,51.0,5.62,0.692,0,0
Maíz,Región Andina,25.6,47.3,5.49,1.003,0,0
Arroz,Valle del Cauca,29.3,36.0,5.88,2.655,0,0
Café,Valle del Cauca,18.8,93.1,5.83,1.209,0,0
Maíz,Región Andina,24.9,81.1,5.53,1.712,0,0
Café,Región Andina,27.7,51.4,5.92,0.554,0,0
Maíz,Región Andina,13.5,94.1,4.63,1.968,0,0
Maíz,Llanos Orientales,19.7,24.2,5.5,0.59,0,1
Maíz,Llanos Orientales,31.4,48.8,5.86,0.976,1,0
Maíz,Valle del Cauca,21.2,55.5,5.68,1.474,0,0
Café,Eje Cafetero,15.2,27.6,7.05,0.267,0,1
Café,Valle del Cauca,20.7,83.6,6.13,1.033,0,0
Papa,Región Andina,21.2,44.4,5.32,14.761,0,0
Arroz,Llanos Orientales,21.0,72.5,6.58,5.812,0,0
Café,Valle del Cauca,23.0,42.9,7.12,0.536,0,0
Café,Región Caribe,25.9,57.7,6.29,0.81,0,0
Maíz,Región Andina,17.3,52.0,5.91,1.181,0,0
Plátano,Llanos Orientales,31.0,46.8,6.15,5.388,1,0
Papa,Región Andina,16.4,67.1,7.26,19.496,0,0
Maíz,Llanos Orientales,22.7,60.4,5.5,1.598,0,0
Arroz,Valle del Cauca,25.2,33.2,6.85,2.39,0,0
Papa,Eje Cafetero,9.3,79.5,6.88,20.028,0,0
Maíz,Valle del Cauca,14.2,5.0,6.18,0.115,0,1
Arroz,Eje Cafetero,14.4,49.7,6.1,3.901,0,0
Maíz,Eje Cafetero,14.7,41.3,5.95,1.082,0,0
Arroz,Llanos Orientales,22.0,28.4,5.76,2.654,0,1
Arroz,Llanos Orientales,15.5,8.7,4.42,0.549,0,1
Café,Llanos Orientales,25.6,69.3,6.33,0.789,0,0
Café,Llanos Orientales,22.5,69.1,7.42,1.058,0,0
Café,Región Andina,19.5,28.1,7.33,0.354,0,1
Café,Región Caribe,19.8,33.7,6.23,0.453,0,0
Maíz,Región Andina,24.0,55.8,7.58,1.704,0,0
Café,Región Caribe,11.6,53.1,6.75,0.443,0,0
Maíz,Valle del Cauca,24.7,48.9,5.32,1.343,0,0
Café,Región Andina,20.4,78.0,5.96,1.173,0,0
Café,Llanos Orientales,26.0,64.7,6.17,0.805,0,0
Café,Valle del Cauca,18.9,63.1,5.96,0.745,0,0
Maíz,Valle del Cauca,26.5,45.1,4.66,1.199,0,0
Café,Eje Cafetero,17.9,49.2,4.04,0.573,0,0
Café,Valle del Cauca,18.4,89.0,5.83,0.948,0,0
Papa,Región Caribe,22.7,55.4,4.88,18.909,0,0
Café,Región Andina,23.3,53.2,5.55,0.74,0,0
Maíz,Eje Cafetero,22.4,54.2,5.09,1.405,0,0
Arroz,Región Andina,14.5,45.8,7.07,2.632,0,0
Plátano,Región Andina,19.0,37.3,4.94,3.978,0,0
Plátano,Llanos Orientales,24.8,53.6,6.38,6.761,0,0
Arroz,Eje Cafetero,14.7,44.7,5.65,3.368,0,0
Café,Región Andina,22.1,34.2,5.78,0.453,0,0
Café,Eje Cafetero,26.6,25.7,4.0,0.334,0,1
Plátano,Región Caribe,23.0,45.4,6.7,6.503,0,0
Café,Valle del Cauca,18.3,89.4,4.24,1.248,0,0
Maíz,Región Caribe,34.2,50.8,7.19,0.833,1,0
Arroz,Región Andina,28.5,42.0,5.74,2.844,0,0
Café,Región Andina,22.1,91.0,6.7,1.277,0,0
Arroz,Región Andina,24.0,78.4,5.4,5.373,0,0
Café,Valle del Cauca,25.5,65.7,5.19,0.857,0,0
Café,Región Caribe,26.8,62.3,8.5,0.748,0,0
Café,Región Andina,15.4,88.6,4.74,1.131,0,0
Maíz,Llanos Orientales,20.4,47.5,6.88,1.117,0,0
Café,Región Caribe,24.4,35.5,6.36,0.461,0,0
Arroz,Llanos Orientales,16.8,77.4,7.31,5.283,0,0
Maíz,Región Caribe,27.8,50.0,6.27,1.33,0,0
Café,Valle del Cauca,27.5,61.0,5.39,0.609,0,0
Café,Eje Cafetero,24.1,66.1,6.51,0.762,0,0
Papa,Llanos Orientales,20.4,67.1,4.85,24.974,0,0
Plátano,Valle del Cauca,23.6,74.4,7.16,10.949,0,0
Papa,Región Andina,22.8,37.3,5.07,11.641,0,0
Café,Región Andina,31.4,54.4,4.41,0.494,1,0
Maíz,Región Caribe,19.0,85.1,5.39,2.101,0,0
Plátano,Eje Cafetero,23.9,69.3,5.72,8.085,0,0
Arroz,Región Andina,18.5,47.8,6.64,3.938,0,0
Maíz,Llanos Orientales,19.1,67.3,5.18,1.954,0,0
Maíz,Valle del Cauca,25.7,54.4,4.81,1.581,0,0
Arroz,Llanos Orientales,19.5,70.2,6.87,4.696,0,0
Maíz,Región Andina,18.9,60.8,6.3,1.785,0,0
Arroz,Llanos Orientales,27.6,95.2,5.01,5.916,0,0
Café,Eje Cafetero,25.5,45.4,4.0,0.472,0,0
Café,Llanos Orientales,19.6,70.2,6.49,0.875,0,0
Arroz,Región Caribe,24.0,67.7,5.73,5.861,0,0
Plátano,Llanos Orientales,27.3,55.0,4.7,6.946,0,0
Maíz,Valle del Cauca,22.9,79.6,6.31,2.319,0,0
Arroz,Región Andina,18.4,27.1,7.1,1.926,0,1
Arroz,Llanos Orientales,19.9,67.3,4.26,4.732,0,0
Arroz,Valle del Cauca,29.4,66.2,6.42,4.865,0,0
Maíz,Región Andina,24.2,76.4,7.12,1.979,0,0
Maíz,Llanos Orientales,23.8,76.0,6.8,1.674,0,0
Papa,Región Andina,21.6,37.0,6.67,12.896,0,0
Plátano,Llanos Orientales,23.1,59.1,6.58,8.735,0,0
Arroz,Región Caribe,23.3,29.2,5.68,2.351,0,1
Café,Región Andina,24.6,36.8,6.43,0.445,0,0
Arroz,Valle del Cauca,20.0,49.9,5.23,3.463,0,0
Maíz,Región Caribe,14.6,72.4,6.1,1.697,0,0
Café,Llanos Orientales,20.7,19.6,5.67,0.254,0,1
Café,Región Caribe,25.2,78.2,6.16,1.049,0,0
Arroz,Llanos Orientales,17.3,65.6,6.86,5.369,0,0
Arroz,Región Caribe,18.6,63.8,6.62,5.569,0,0
Café,Región Andina,25.2,53.4,6.23,0.725,0,0
Papa,Región Caribe,27.3,42.5,7.1,12.726,0,0
Maíz,Llanos Orientales,22.7,55.7,6.87,1.391,0,0
Café,Eje Cafetero,23.3,33.0,7.68,0.436,0,0
Café,Eje Cafetero,23.7,34.7,5.22,0.51,0,0
Café,Región Andina,17.4,59.0,7.28,0.817,0,0
Café,Región Caribe,21.4,30.9,7.4,0.349,0,0
Café,Valle del Cauca,20.4,54.7,5.96,0.702,0,0
Café,Llanos Orientales,19.1,59.8,6.16,0.773,0,0
Plátano,Región Caribe,29.6,43.5,7.44,4.264,0,0
Plátano,Región Andina,21.2,67.7,6.41,8.127,0,0
Arroz,Valle del Cauca,24.3,41.9,5.89,3.479,0,0
Café,Valle del Cauca,13.6,52.2,5.25,0.627,0,0
Papa,Región Andina,30.5,68.0,6.29,18.704,1,0
Café,Región Caribe,24.1,82.5,5.5,1.131,0,0
Arroz,Eje Cafetero,23.4,45.1,7.88,3.372,0,0
Café,Llanos Orientales,22.2,68.5,5.47,0.977,0,0
Arroz,Región Caribe,9.3,75.9,4.27,5.065,0,0
Café,Región Andina,21.3,28.5,5.59,0.446,0,1
Arroz,Eje Cafetero,18.5,39.3,6.85,2.785,0,0
Café,Región Andina,24.0,87.4,5.01,1.127,0,0
Maíz,Región Caribe,30.1,77.5,5.69,1.781,1,0
Plátano,Llanos Orientales,22.9,83.4,5.65,10.947,0,0
Papa,Eje Cafetero,20.8,31.6,4.87,9.063,0,0
Papa,Región Caribe,14.5,52.2,5.11,15.013,0,0
Arroz,Región Andina,10.9,40.6,6.91,2.162,0,0
Arroz,Región Caribe,17.9,75.2,6.55,5.733,0,0
Café,Valle del Cauca,23.4,39.9,6.81,0.528,0,0
Café,Llanos Orientales,19.7,29.2,5.77,0.328,0,1
Café,Llanos Orientales,13.5,80.9,5.16,0.85,0,0
Plátano,Región Andina,20.0,56.6,7.08,7.453,0,0
Arroz,Valle del Cauca,19.6,30.9,7.58,2.109,0,0
Maíz,Eje Cafetero,19.7,46.4,5.03,1.123,0,0
Maíz,Región Andina,28.4,55.3,5.78,1.438,0,0
Arroz,Región Andina,9.0,28.3,4.61,1.57,0,1
Café,Eje Cafetero,25.7,43.6,6.46,0.52,0,0
Maíz,Eje Cafetero,20.4,76.7,6.99,1.972,0,0
Arroz,Región Andina,25.6,34.9,7.79,2.905,0,0
Café,Valle del Cauca,17.2,34.4,5.18,0.434,0,0
Café,Región Caribe,19.3,64.0,6.68,0.843,0,0
Café,Región Andina,24.9,55.5,5.25,0.725,0,0
Maíz,Llanos Orientales,16.8,65.7,6.76,1.482,0,0
Café,Llanos Orientales,27.0,44.2,6.33,0.603,0,0
Maíz,Llanos Orientales,25.6,41.1,4.81,1.206,0,0
Papa,Valle del Cauca,24.5,53.6,5.79,19.599,0,0
Plátano,Eje Cafetero,17.2,23.2,6.62,3.048,0,1
Maíz,Valle del Cauca,27.5,18.6,6.02,0.494,0,1
Café,Región Caribe,23.9,40.6,6.38,0.54,0,0
Plátano,Eje Cafetero,25.4,51.0,4.9,7.307,0,0
Café,Llanos Orientales,19.2,60.1,6.31,0.727,0,0
Arroz,Región Caribe,25.5,59.9,5.63,3.904,0,0
Arroz,Región Andina,16.4,65.9,7.19,4.777,0,0
Arroz,Llanos Orientales,25.2,39.2,6.8,2.786,0,0
Café,Llanos Orientales,15.6,46.5,7.28,0.481,0,0
Maíz,Eje Cafetero,20.5,78.7,4.98,1.891,0,0
Café,Región Caribe,20.7,46.2,5.84,0.715,0,0
Plátano,Llanos Orientales,26.2,38.3,6.1,5.041,0,0
Café,Valle del Cauca,26.4,66.2,4.71,0.729,0,0
Maíz,Valle del Cauca,17.3,19.1,5.05,0.539,0,1
Café,Llanos Orientales,12.7,50.8,8.13,0.519,0,0
Maíz,Llanos Orientales,15.0,51.3,5.73,1.075,0,0
Maíz,Valle del Cauca,13.9,76.3,4.42,1.456,0,0
Café,Valle del Cauca,21.3,52.7,7.06,0.716,0,0
Maíz,Llanos Orientales,18.7,41.1,5.03,1.059,0,0
Café,Región Caribe,19.2,51.8,6.92,0.719,0,0
Café,Valle del Cauca,19.7,52.7,6.6,0.605,0,0
Maíz,Llanos Orientales,27.7,81.6,7.11,1.665,0,0
Arroz,Llanos Orientales,17.6,86.1,7.08,5.914,0,0
Café,Región Andina,17.8,54.3,6.1,0.571,0,0
Café,Región Andina,20.4,64.1,6.67,0.982,0,0
Maíz,Región Caribe,28.0,71.9,4.82,1.796,0,0
Maíz,Llanos Orientales,14.1,27.5,6.25,0.652,0,1
Café,Eje Cafetero,19.6,50.8,6.69,0.595,0,0
Maíz,Región Caribe,22.4,53.8,6.48,1.465,0,0
Papa,Eje Cafetero,19.3,68.2,7.83,21.571,0,0
Maíz,Región Andina,11.5,48.5,5.76,1.051,0,0
Maíz,Eje Cafetero,21.3,82.6,7.29,1.991,0,0
Café,Valle del Cauca,20.4,49.7,5.6,0.768,0,0
Maíz,Región Andina,16.8,55.6,6.86,1.265,0,0
Papa,Región Andina,18.8,61.5,5.59,21.15,0,0
Maíz,Eje Cafetero,16.5,80.4,5.76,1.863,0,0
Plátano,Región Andina,18.2,46.3,6.68,4.726,0,0
Maíz,Región Andina,19.0,40.3,5.95,1.096,0,0
Plátano,Región Caribe,24.8,61.9,5.94,8.027,0,0
Maíz,Eje Cafetero,25.4,47.1,7.55,0.974,0,0
Café,Región Andina,18.7,49.1,4.75,0.707,0,0
Café,Llanos Orientales,20.3,77.4,6.98,0.997,0,0
Arroz,Eje Cafetero,24.0,30.3,7.16,2.233,0,0
Plátano,Región Andina,20.8,35.6,5.62,4.717,0,0
Maíz,Valle del Cauca,27.9,26.6,5.27,0.535,0,1
Café,Llanos Orientales,27.8,60.7,6.93,0.623,0,0
Café,Región Andina,20.4,53.7,5.87,0.727,0,0
Papa,Valle del Cauca,25.6,60.1,6.8,21.349,0,0
Maíz,Valle del Cauca,20.0,58.6,6.72,1.719,0,0
Arroz,Llanos Orientales,19.0,89.6,4.0,6.39,0,0
Café,Región Andina,19.6,46.1,5.39,0.595,0,0
Maíz,Llanos Orientales,13.9,72.0,6.53,1.834,0,0
Plátano,Eje Cafetero,23.8,65.5,6.19,7.418,0,0
Arroz,Región Andina,27.2,42.1,6.11,3.479,0,0
Café,Valle del Cauca,26.0,57.3,5.27,0.722,0,0
Maíz,Valle del Cauca,21.1,54.6,6.84,1.449,0,0
Arroz,Eje Cafetero,24.8,61.9,6.07,5.712,0,0
Papa,Llanos Orientales,18.0,30.1,6.4,8.649,0,0
Café,Región Caribe,31.8,13.5,7.51,0.147,1,1
Plátano,Región Andina,26.1,39.2,6.44,4.214,0,0
Maíz,Región Andina,24.3,82.9,5.17,1.937,0,0
Maíz,Eje Cafetero,20.3,31.8,6.25,0.885,0,0
Papa,Valle del Cauca,27.5,73.4,5.96,25.211,0,0
Arroz,Eje Cafetero,13.7,42.0,6.69,2.388,0,0
Maíz,Eje Cafetero,25.8,43.9,4.9,1.23,0,0
Papa,Región Caribe,17.3,56.1,4.74,16.178,0,0
Maíz,Eje Cafetero,20.5,67.8,6.66,1.717,0,0
Maíz,Valle del Cauca,18.9,47.9,5.51,1.047,0,0
Plátano,Región Andina,9.8,53.3,5.69,5.483,0,0
Arroz,Eje Cafetero,17.3,65.7,5.18,4.779,0,0
Café,Región Andina,27.0,58.6,6.43,0.745,0,0
Café,Eje Cafetero,20.4,66.7,6.12,0.764,0,0
Arroz,Eje Cafetero,20.2,63.5,6.97,5.631,0,0
Maíz,Eje Cafetero,27.0,71.4,4.8,2.003,0,0
Café,Valle del Cauca,20.0,23.9,6.3,0.333,0,1
Café,Región Andina,21.6,45.5,6.59,0.591,0,0
Maíz,Valle del Cauca,26.2,69.0,6.23,1.533,0,0
Café,Valle del Cauca,18.0,56.6,6.26,0.806,0,0
Papa,Región Andina,16.4,58.8,5.54,16.078,0,0
Café,Llanos Orientales,14.0,77.5,7.17,0.935,0,0
Café,Valle del Cauca,20.9,63.4,6.67,0.908,0,0
Arroz,Región Caribe,17.1,50.1,5.21,3.721,0,0
Café,Región Caribe,21.8,32.4,6.75,0.379,0,0
Maíz,Región Andina,27.0,12.6,6.79,0.317,0,1
Plátano,Región Caribe,15.5,24.4,5.18,2.469,0,1
Café,Región Caribe,23.1,73.9,6.13,1.011,0,0
Arroz,Eje Cafetero,14.3,72.7,6.66,5.614,0,0
Café,Región Caribe,24.4,59.6,5.57,0.742,0,0
Maíz,Valle del Cauca,13.1,70.6,5.3,1.6,0,0
Maíz,Región Andina,18.1,69.6,6.5,1.718,0,0
Maíz,Llanos Orientales,13.1,52.7,5.06,1.003,0,0
Café,Llanos Orientales,21.0,58.7,5.75,0.69,0,0
Café,Valle del Cauca,19.6,47.1,5.6,0.5,0,0
Papa,Llanos Orientales,20.6,56.4,7.64,19.737,0,0
Papa,Eje Cafetero,24.9,82.0,5.08,21.317,0,0
Maíz,Llanos Orientales,14.3,54.4,6.23,1.189,0,0
Maíz,Eje Cafetero,25.3,31.6,6.01,0.915,0,0
Plátano,Llanos Orientales,26.5,51.1,6.94,7.278,0,0
Arroz,Región Caribe,27.4,55.2,6.25,3.729,0,0
Papa,Eje Cafetero,20.8,26.3,6.02,9.95,0,1
Maíz,Región Caribe,26.0,44.1,6.02,1.132,0,0
Arroz,Eje Cafetero,28.3,32.7,4.55,2.38,0,0
Maíz,Región Andina,12.7,23.3,6.43,0.441,0,1
Café,Eje Cafetero,19.8,55.0,6.71,0.611,0,0
Maíz,Valle del Cauca,15.6,58.2,4.43,1.12,0,0
Maíz,Llanos Orientales,15.3,53.3,6.23,1.03,0,0
Café,Valle del Cauca,19.7,55.9,6.2,0.744,0,0
Café,Eje Cafetero,16.2,46.3,6.62,0.561,0,0
Café,Valle del Cauca,30.1,36.7,7.0,0.403,1,0
Café,Región Andina,14.8,98.9,6.59,1.295,0,0
Maíz,Valle del Cauca,17.0,13.0,7.32,0.344,0,1
Arroz,Valle del Cauca,15.4,85.5,6.23,6.07,0,0
Café,Región Caribe,19.2,71.2,5.46,1.032,0,0
Papa,Región Andina,30.3,75.8,7.15,22.195,1,0
Plátano,Valle del Cauca,19.0,83.0,5.66,9.678,0,0
Café,Llanos Orientales,16.6,49.6,4.74,0.562,0,0
Plátano,Valle del Cauca,17.4,52.5,4.68,5.569,0,0
Café,Llanos Orientales,19.4,79.5,6.75,1.008,0,0
Plátano,Eje Cafetero,16.4,63.1,5.56,8.638,0,0
Papa,Valle del Cauca,19.6,80.8,5.58,25.166,0,0
Arroz,Región Caribe,19.2,68.7,6.68,4.597,0,0
Café,Región Caribe,15.3,34.0,5.88,0.353,0,0
Café,Valle del Cauca,30.3,60.7,5.51,0.605,1,0
Arroz,Llanos Orientales,20.6,44.7,7.09,3.219,0,0
Maíz,Región Caribe,21.5,52.5,5.91,1.663,0,0
Maíz,Llanos Orientales,18.5,46.1,7.74,1.115,0,0
Café,Llanos Orientales,21.7,35.7,5.5,0.48,0,0
Plátano,Valle del Cauca,25.8,81.0,5.79,8.356,0,0
Café,Región Caribe,18.5,58.6,6.29,0.676,0,0
Café,Valle del Cauca,20.2,47.5,4.47,0.561,0,0
Arroz,Llanos Orientales,13.8,31.2,7.3,2.175,0,0
Café,Eje Cafetero,22.5,32.6,7.17,0.407,0,0
Arroz,Región Caribe,22.4,44.3,5.81,4.231,0,0
Café,Llanos Orientales,24.7,55.9,4.98,0.84,0,0
Arroz,Llanos Orientales,21.7,69.9,5.24,5.293,0,0
Café,Valle del Cauca,21.8,53.0,5.35,0.653,0,0
Papa,Valle del Cauca,29.0,19.9,5.02,6.438,0,1
Café,Llanos Orientales,27.9,34.7,4.86,0.363,0,0
Maíz,Llanos Orientales,12.6,67.1,4.46,1.253,0,0
Maíz,Eje Cafetero,15.9,54.9,6.56,1.052,0,0
Café,Región Andina,12.9,60.6,5.79,0.53,0,0
Maíz,Eje Cafetero,17.7,61.9,6.89,1.307,0,0
Café,Llanos Orientales,25.9,68.2,5.92,0.714,0,0
Maíz,Región Andina,23.8,56.3,6.5,1.603,0,0
Café,Región Andina,22.5,47.2,5.9,0.66,0,0
Maíz,Región Andina,23.4,30.4,5.72,0.712,0,0
Arroz,Llanos Orientales,18.9,59.4,5.98,4.338,0,0
Maíz,Valle del Cauca,25.9,48.8,5.56,1.348,0,0
Café,Eje Cafetero,24.1,27.6,6.92,0.294,0,1
Maíz,Región Caribe,19.5,29.2,6.48,0.71,0,1
Arroz,Eje Cafetero,20.8,54.5,7.96,4.641,0,0
Arroz,Eje Cafetero,25.1,89.6,6.68,7.298,0,0
Maíz,Región Caribe,29.2,17.5,7.29,0.416,0,1
Café,Eje Cafetero,17.8,68.9,6.86,0.828,0,0
Arroz,Valle del Cauca,17.8,81.7,4.84,5.549,0,0
Café,Valle del Cauca,24.4,57.5,4.5,0.649,0,0
Plátano,Región Caribe,19.3,56.5,6.95,7.357,0,0
Maíz,Región Andina,24.0,53.8,8.5,1.446,0,0
Café,Región Andina,21.0,52.7,6.29,0.645,0,0
Papa,Valle del Cauca,20.7,58.2,4.46,18.388,0,0
Maíz,Región Caribe,23.7,26.9,6.22,0.681,0,1
Maíz,Región Caribe,20.1,51.2,5.22,1.306,0,0
Maíz,Región Andina,21.6,48.1,6.72,1.318,0,0
Papa,Eje Cafetero,22.4,53.7,6.03,18.64,0,0
Plátano,Llanos Orientales,22.6,59.7,6.8,9.335,0,0
Papa,Valle del Cauca,14.4,41.3,6.7,12.769,0,0
Café,Valle del Cauca,23.4,63.6,6.73,0.799,0,0
Arroz,Valle del Cauca,10.1,69.2,7.04,3.687,0,0
Café,Región Caribe,27.3,41.0,5.43,0.47,0,0
Plátano,Eje Cafetero,20.2,33.6,7.99,3.707,0,0
Maíz,Región Caribe,20.2,67.4,7.27,1.958,0,0
Café,Llanos Orientales,13.5,45.6,5.21,0.566,0,0
Arroz,Región Caribe,14.2,54.1,7.04,3.349,0,0
Café,Eje Cafetero,24.8,98.7,5.68,1.473,0,0
Plátano,Valle del Cauca,19.3,28.8,7.1,4.284,0,1
Papa,Eje Cafetero,21.2,87.0,4.87,31.279,0,0
Plátano,Región Andina,30.6,61.4,5.18,6.785,1,0
Arroz,Llanos Orientales,25.7,44.8,7.27,4.003,0,0
Maíz,Llanos Orientales,22.1,65.1,5.67,1.695,0,0
Maíz,Región Caribe,29.0,63.4,6.69,1.276,0,0
Arroz,Valle del Cauca,16.2,54.7,7.68,3.839,0,0
Plátano,Llanos Orientales,26.9,51.5,6.66,5.556,0,0
Maíz,Llanos Orientales,20.8,60.0,5.36,1.47,0,0
Papa,Valle del Cauca,17.5,65.7,7.39,20.648,0,0
Maíz,Eje Cafetero,20.2,47.6,5.78,1.471,0,0
Café,Región Andina,30.9,67.9,7.84,0.837,1,0
Maíz,Eje Cafetero,16.9,49.2,6.59,1.126,0,0
Café,Llanos Orientales,22.9,49.2,6.14,0.616,0,0
Maíz,Eje Cafetero,25.5,42.9,6.68,1.035,0,0
Café,Valle del Cauca,31.9,71.3,6.0,0.702,1,0
Arroz,Llanos Orientales,23.1,48.4,5.79,4.187,0,0
Café,Eje Cafetero,23.8,35.4,7.32,0.495,0,0
Arroz,Valle del Cauca,25.9,54.7,4.0,3.745,0,0
Café,Valle del Cauca,19.1,31.1,6.83,0.367,0,0
Arroz,Eje Cafetero,18.8,77.9,6.95,5.951,0,0
Café,Región Andina,18.6,54.2,6.12,0.625,0,0
Café,Llanos Orientales,23.0,20.0,5.19,0.287,0,1
Café,Valle del Cauca,28.9,31.0,6.98,0.413,0,0
Papa,Valle del Cauca,22.4,58.2,6.83,21.943,0,0
Maíz,Valle del Cauca,28.6,99.4,5.21,2.237,0,0
Arroz,Región Caribe,23.1,60.4,6.17,5.62,0,0
Maíz,Región Caribe,14.2,64.8,5.61,1.431,0,0
Papa,Eje Cafetero,18.2,31.9,6.61,11.296,0,0
Arroz,Eje Cafetero,29.9,45.9,7.26,3.302,0,0
Arroz,Llanos Orientales,21.9,98.5,6.18,7.07,0,0
Plátano,Eje Cafetero,23.2,43.9,5.2,6.462,0,0
Arroz,Región Andina,29.8,46.6,5.04,3.34,0,0
Plátano,Llanos Orientales,19.7,36.3,7.37,5.003,0,0
Papa,Región Andina,23.7,71.2,6.96,20.806,0,0
Café,Llanos Orientales,20.5,100.0,6.56,1.162,0,0
Arroz,Llanos Orientales,27.8,56.4,5.02,3.785,0,0
Maíz,Llanos Orientales,20.4,65.2,6.74,1.774,0,0
Arroz,Llanos Orientales,21.5,51.7,5.51,4.927,0,0
Café,Región Andina,29.5,69.4,7.55,0.645,0,0
Papa,Eje Cafetero,16.5,77.7,6.32,24.677,0,0
Café,Región Andina,18.8,59.2,7.61,0.644,0,0
Maíz,Eje Cafetero,16.9,73.5,4.59,1.553,0,0
Maíz,Región Andina,24.4,29.7,6.35,0.77,0,1
Café,Región Andina,24.8,49.4,7.32,0.546,0,0
Papa,Región Caribe,24.9,64.3,5.04,19.458,0,0
Plátano,Región Andina,18.7,72.0,5.99,10.096,0,0
Papa,Eje Cafetero,27.3,35.9,7.12,9.866,0,0
Café,Región Caribe,18.1,64.1,6.07,0.759,0,0
Arroz,Valle del Cauca,16.8,55.6,6.05,4.202,0,0
Café,Valle del Cauca,23.2,58.7,5.76,0.737,0,0
Café,Llanos Orientales,14.3,72.1,5.92,0.842,0,0
Café,Llanos Orientales,19.2,90.6,4.62,1.05,0,0
Arroz,Región Caribe,12.0,55.5,7.0,3.364,0,0
Maíz,Región Andina,20.4,66.2,6.94,1.938,0,0
Papa,Región Andina,15.2,95.9,6.25,25.188,0,0
Arroz,Región Caribe,24.2,35.7,5.82,2.791,0,0
Plátano,Región Caribe,7.5,40.7,6.4,4.121,0,0
Plátano,Región Andina,19.0,14.6,6.38,1.71,0,1
Café,Eje Cafetero,18.5,40.6,6.25,0.542,0,0
Arroz,Eje Cafetero,25.2,32.0,5.39,2.285,0,0
Maíz,Eje Cafetero,18.8,39.2,4.95,0.979,0,0
Plátano,Llanos Orientales,26.6,47.7,4.86,6.058,0,0
Arroz,Eje Cafetero,12.8,72.0,5.58,4.131,0,0
Café,Región Caribe,24.7,54.3,6.92,0.727,0,0
Papa,Llanos Orientales,28.1,56.0,4.59,17.909,0,0
Papa,Valle del Cauca,22.9,46.6,4.16,14.65,0,0
Arroz,Llanos Orientales,24.9,54.3,7.3,3.996,0,0
Papa,Llanos Orientales,24.9,36.8,7.4,10.208,0,0
Café,Eje Cafetero,17.8,42.0,5.39,0.523,0,0
Café,Región Caribe,20.8,34.5,6.22,0.45,0,0
Arroz,Región Caribe,18.5,35.5,6.23,2.991,0,0
Maíz,Región Caribe,28.7,56.8,6.15,1.237,0,0
Papa,Valle del Cauca,15.0,28.8,6.17,8.818,0,1
Arroz,Región Caribe,23.8,58.1,5.44,4.616,0,0
Café,Región Andina,24.7,42.9,7.49,0.512,0,0
Maíz,Región Andina,21.4,45.8,6.64,1.066,0,0
Arroz,Llanos Orientales,18.2,54.2,5.89,3.45,0,0
Maíz,Región Andina,19.0,59.9,5.07,1.479,0,0
Papa,Región Caribe,22.1,31.4,6.55,9.864,0,0
Café,Llanos Orientales,24.1,59.1,6.91,0.879,0,0
Plátano,Región Caribe,20.9,72.9,5.96,9.194,0,0
Arroz,Región Andina,25.2,37.6,5.99,3.146,0,0
Maíz,Llanos Orientales,28.6,23.5,4.61,0.469,0,1
Maíz,Eje Cafetero,12.7,56.6,5.8,1.114,0,0
Papa,Región Caribe,22.0,54.2,6.69,17.921,0,0
Café,Región Andina,12.8,33.7,5.98,0.361,0,0
Café,Valle del Cauca,27.2,50.7,5.37,0.54,0,0
Café,Valle del Cauca,26.0,66.6,5.27,0.672,0,0
Maíz,Llanos Orientales,19.8,34.3,6.2,0.801,0,0
Arroz,Llanos Orientales,21.0,5.0,5.57,0.365,0,1
Arroz,Región Caribe,18.1,87.4,5.92,7.262,0,0
Café,Llanos Orientales,25.0,19.7,5.26,0.246,0,1
Café,Valle del Cauca,23.0,71.0,5.76,0.923,0,0
Arroz,Eje Cafetero,16.9,71.0,7.11,4.899,0,0
Café,Valle del Cauca,24.9,41.3,5.93,0.521,0,0
Arroz,Valle del Cauca,24.4,58.1,7.33,4.397,0,0
Papa,Región Caribe,25.8,42.1,7.26,11.5,0,0
Maíz,Eje Cafetero,27.8,100.0,5.39,2.697,0,0
Café,Valle del Cauca,21.1,56.2,6.84,0.823,0,0
Café,Eje Cafetero,22.4,52.5,5.76,0.707,0,0
Arroz,Valle del Cauca,22.4,58.8,6.75,4.794,0,0
Plátano,Región Andina,20.4,49.9,6.78,7.242,0,0
Arroz,Llanos Orientales,30.5,50.9,6.24,3.113,1,0
Arroz,Llanos Orientales,25.6,42.0,6.25,3.353,0,0
Maíz,Valle del Cauca,22.6,70.6,5.02,2.066,0,0
Papa,Eje Cafetero,13.5,80.0,6.95,22.317,0,0
Plátano,Valle del Cauca,17.7,69.8,5.38,9.457,0,0
Papa,Llanos Orientales,27.5,48.8,7.14,16.042,0,0
Café,Eje Cafetero,24.9,56.1,7.02,0.771,0,0
Papa,Región Caribe,22.5,40.7,5.37,15.459,0,0
Maíz,Región Andina,20.0,70.1,7.4,1.72,0,0
Café,Región Caribe,19.5,40.0,4.65,0.459,0,0
Maíz,Región Caribe,22.6,6.6,6.09,0.197,0,1
Arroz,Región Andina,23.1,77.9,5.42,5.926,0,0
Café,Región Caribe,28.4,66.4,6.89,0.843,0,0
Plátano,Región Caribe,26.2,64.1,5.29,8.009,0,0
Plátano,Eje Cafetero,20.3,66.6,5.96,7.455,0,0
Arroz,Región Andina,19.9,42.7,6.07,3.95,0,0
Café,Región Caribe,24.2,60.0,7.09,0.806,0,0
Maíz,Eje Cafetero,30.3,72.8,7.15,1.479,1,0
Maíz,Llanos Orientales,25.2,53.8,5.32,1.447,0,0
Papa,Región Caribe,17.4,65.9,5.24,22.875,0,0
Maíz,Región Andina,21.0,92.0,6.33,2.369,0,0
Café,Valle del Cauca,13.6,44.4,6.98,0.529,0,0
Plátano,Llanos Orientales,24.9,44.1,8.5,5.699,0,0
Maíz,Valle del Cauca,24.8,82.0,5.7,1.973,0,0
Maíz,Eje Cafetero,17.9,31.2,5.99,0.767,0,0
Papa,Eje Cafetero,27.3,25.2,6.73,8.475,0,1
Maíz,Región Andina,20.8,65.8,6.3,1.745,0,0
Plátano,Región Andina,21.4,65.4,5.69,8.27,0,0
Café,Eje Cafetero,16.3,75.0,6.14,0.731,0,0
Arroz,Valle del Cauca,25.5,83.9,5.74,6.805,0,0
Maíz,Región Caribe,21.9,50.1,5.79,1.215,0,0
Café,Valle del Cauca,23.4,68.8,6.47,0.858,0,0
Papa,Región Andina,25.3,63.9,6.53,20.135,0,0
Plátano,Región Andina,23.4,28.3,6.75,3.369,0,1
Café,Valle del Cauca,28.1,69.3,6.46,0.915,0,0
Arroz,Región Caribe,16.9,55.7,5.24,4.608,0,0
Plátano,Región Caribe,19.6,29.0,6.6,3.252,0,1
Arroz,Valle del Cauca,22.1,84.8,6.66,6.679,0,0
Plátano,Valle del Cauca,27.2,74.8,7.88,8.124,0,0
Plátano,Región Andina,27.9,38.7,5.79,3.731,0,0
Arroz,Valle del Cauca,28.5,41.0,6.86,2.62,0,0
Café,Valle del Cauca,23.9,54.8,6.12,0.653,0,0
Café,Valle del Cauca,24.1,58.3,6.24,0.711,0,0
Arroz,Valle del Cauca,30.8,63.4,5.65,4.282,1,0
Café,Eje Cafetero,31.8,30.3,6.82,0.332,1,0
Arroz,Eje Cafetero,23.0,48.7,6.49,3.414,0,0
Papa,Llanos Orientales,24.6,60.7,7.19,20.663,0,0
Plátano,Región Andina,17.4,52.1,8.3,7.034,0,0
Arroz,Llanos Orientales,20.9,63.5,5.98,5.938,0,0
Maíz,Valle del Cauca,25.1,67.0,7.24,1.636,0,0
Papa,Región Caribe,22.3,53.0,6.15,19.879,0,0
Maíz,Valle del Cauca,17.6,19.5,6.08,0.53,0,1
Papa,Eje Cafetero,17.1,68.6,6.02,17.81,0,0
Maíz,Región Andina,26.7,52.2,5.84,1.143,0,0
Maíz,Eje Cafetero,21.9,89.7,5.21,2.658,0,0
Arroz,Llanos Orientales,15.0,29.7,6.12,2.348,0,1
Papa,Región Andina,32.1,61.2,5.34,14.483,1,0
Café,Valle del Cauca,26.3,69.2,5.63,0.851,0,0
Café,Valle del Cauca,18.8,50.8,7.22,0.745,0,0
Arroz,Región Caribe,23.0,56.1,5.5,4.766,0,0
Plátano,Región Caribe,20.4,27.9,7.1,3.726,0,1
Café,Llanos Orientales,30.1,62.2,5.66,0.619,1,0
Maíz,Región Caribe,24.5,86.8,7.16,2.196,0,0
Plátano,Valle del Cauca,18.9,75.5,5.72,9.665,0,0
Café,Valle del Cauca,25.5,77.3,5.39,0.967,0,0
Café,Llanos Orientales,25.0,52.3,6.23,0.663,0,0
Papa,Eje Cafetero,21.2,38.3,5.23,12.911,0,0
Arroz,Eje Cafetero,11.2,42.8,5.77,2.545,0,0
Maíz,Región Caribe,13.6,54.5,7.84,0.988,0,0
Maíz,Región Andina,20.0,74.1,4.47,1.848,0,0
Plátano,Valle del Cauca,15.3,40.5,6.66,5.365,0,0
Arroz,Eje Cafetero,25.6,60.9,4.52,5.257,0,0
Arroz,Región Andina,26.4,47.4,6.08,4.025,0,0
Plátano,Eje Cafetero,19.0,51.2,5.27,6.006,0,0
Plátano,Región Andina,30.2,65.8,6.06,6.969,1,0
Maíz,Región Caribe,17.9,65.9,4.74,1.893,0,0
Café,Llanos Orientales,23.6,44.4,7.03,0.594,0,0
Café,Valle del Cauca,18.3,57.9,5.41,0.792,0,0
Café,Valle del Cauca,24.3,71.7,5.85,0.799,0,0
Maíz,Región Andina,24.5,60.1,5.74,1.787,0,0
Maíz,Llanos Orientales,9.4,29.4,6.33,0.512,0,1
Arroz,Región Andina,18.6,53.0,5.71,3.527,0,0
Arroz,Eje Cafetero,27.7,46.5,7.21,3.516,0,0
Arroz,Valle del Cauca,22.2,63.3,5.97,5.524,0,0
Arroz,Llanos Orientales,21.0,79.5,6.25,7.251,0,0
Arroz,Llanos Orientales,24.7,47.6,6.14,3.271,0,0
Plátano,Valle del Cauca,22.4,27.2,6.58,3.672,0,1
Papa,Región Caribe,19.1,56.2,6.23,18.757,0,0
Maíz,Región Andina,29.6,56.6,6.54,1.215,0,0
Arroz,Eje Cafetero,19.9,42.2,7.76,2.973,0,0
Arroz,Valle del Cauca,28.4,38.5,5.65,2.8,0,0
Maíz,Valle del Cauca,16.1,59.5,8.15,1.307,0,0
Arroz,Región Caribe,17.0,71.6,5.77,4.564,0,0
Papa,Valle del Cauca,27.6,70.4,5.12,18.023,0,0
Papa,Llanos Orientales,13.0,65.5,6.59,20.341,0,0
Café,Eje Cafetero,25.0,29.3,6.77,0.348,0,1
Café,Región Caribe,20.4,59.5,5.21,0.687,0,0
Maíz,Región Caribe,24.0,55.4,5.21,1.374,0,0
Arroz,Llanos Orientales,13.5,91.2,5.26,6.85,0,0
Arroz,Eje Cafetero,25.9,53.5,6.19,4.779,0,0
Arroz,Región Andina,12.7,73.6,6.87,4.368,0,0
Café,Eje Cafetero,22.6,79.2,6.59,1.146,0,0
Café,Llanos Orientales,27.8,99.3,6.9,1.075,0,0
Café,Región Andina,18.8,55.9,6.9,0.799,0,0
Arroz,Región Andina,26.2,20.6,6.76,1.53,0,1
Arroz,Región Andina,24.8,21.0,5.86,1.929,0,1
Maíz,Eje Cafetero,24.2,51.6,7.13,1.299,0,0
Arroz,Eje Cafetero,29.9,47.0,7.2,3.088,0,0
Café,Valle del Cauca,23.1,56.8,6.65,0.843,0,0
Papa,Valle del Cauca,19.6,38.6,7.22,12.964,0,0
Maíz,Eje Cafetero,16.2,50.9,5.13,1.156,0,0
Maíz,Eje Cafetero,19.3,58.8,7.52,1.247,0,0
Maíz,Llanos Orientales,18.2,52.1,5.98,1.084,0,0
Arroz,Región Andina,11.9,71.3,5.22,4.284,0,0
Maíz,Llanos Orientales,18.3,68.0,5.97,1.94,0,0
Plátano,Valle del Cauca,22.7,51.9,6.28,6.907,0,0
Maíz,Región Caribe,21.9,32.7,6.12,0.839,0,0
Café,Valle del Cauca,16.3,86.6,6.75,1.088,0,0
Maíz,Valle del Cauca,20.1,48.0,6.34,1.287,0,0
Café,Región Andina,24.9,59.6,5.01,0.795,0,0
Papa,Región Caribe,20.0,49.5,6.64,18.591,0,0
Maíz,Valle del Cauca,25.5,55.4,5.78,1.284,0,0
Arroz,Valle del Cauca,17.2,56.8,6.48,4.769,0,0
Maíz,Valle del Cauca,33.9,76.4,5.45,1.404,1,0
Maíz,Valle del Cauca,25.2,62.7,6.37,1.708,0,0
Arroz,Eje Cafetero,26.2,58.0,6.81,3.965,0,0
Café,Región Andina,21.8,10.8,4.61,0.173,0,1
Maíz,Eje Cafetero,25.1,49.4,8.48,1.109,0,0
Maíz,Llanos Orientales,21.6,68.6,6.67,2.014,0,0
Arroz,Llanos Orientales,19.3,85.2,5.06,5.697,0,0
Maíz,Región Andina,25.6,43.5,5.64,0.964,0,0
Café,Valle del Cauca,23.3,72.0,5.66,0.944,0,0
Plátano,Región Andina,18.1,23.0,5.72,2.787,0,1
Café,Llanos Orientales,24.9,44.7,6.04,0.54,0,0
Papa,Llanos Orientales,21.6,46.6,6.44,16.663,0,0
Café,Región Andina,18.0,43.8,5.21,0.54,0,0
Papa,Eje Cafetero,25.3,50.7,6.43,17.21,0,0
Maíz,Región Andina,15.7,79.8,6.59,1.923,0,0
Maíz,Eje Cafetero,24.7,82.0,6.11,1.835,0,0
Maíz,Región Caribe,24.2,44.6,6.34,1.141,0,0
Maíz,Valle del Cauca,15.0,48.2,6.55,1.1,0,0
Café,Llanos Orientales,27.1,92.7,5.33,1.163,0,0
Café,Eje Cafetero,23.9,77.8,5.33,0.848,0,0
Maíz,Región Caribe,18.2,39.2,5.45,1.133,0,0
Café,Región Andina,23.4,83.1,6.18,0.899,0,0
Papa,Región Caribe,25.5,66.9,6.97,22.395,0,0
Arroz,Llanos Orientales,22.0,31.9,6.77,3.093,0,0
Papa,Región Caribe,19.1,75.3,5.99,21.088,0,0
Café,Valle del Cauca,22.9,49.2,6.39,0.622,0,0
Papa,Eje Cafetero,20.8,45.9,7.35,15.753,0,0
Arroz,Llanos Orientales,19.3,31.6,5.51,2.286,0,0
Plátano,Eje Cafetero,24.2,41.5,7.03,4.657,0,0
Maíz,Valle del Cauca,27.5,62.0,5.54,1.473,0,0
Café,Eje Cafetero,28.3,59.2,6.27,0.656,0,0
Arroz,Llanos Orientales,19.5,78.3,5.82,6.282,0,0
Maíz,Valle del Cauca,23.8,40.4,6.15,1.198,0,0
Café,Región Caribe,30.3,63.0,4.65,0.733,1,0
Café,Eje Cafetero,24.5,57.3,5.52,0.737,0,0
Café,Región Andina,20.6,44.8,5.67,0.622,0,0
Papa,Llanos Orientales,22.8,43.9,4.74,16.867,0,0
Café,Eje Cafetero,24.8,49.0,7.25,0.726,0,0
Café,Llanos Orientales,21.1,41.9,6.51,0.6,0,0
Café,Valle del Cauca,33.3,69.0,5.4,0.618,1,0
Café,Llanos Orientales,20.0,73.9,5.24,0.81,0,0
Café,Eje Cafetero,23.6,63.2,8.01,0.918,0,0
Maíz,Valle del Cauca,18.7,10.1,7.23,0.23,0,1
Café,Valle del Cauca,20.7,58.9,6.05,0.88,0,0
Café,Llanos Orientales,19.6,93.7,6.19,1.168,0,0
Café,Llanos Orientales,20.7,44.2,6.81,0.534,0,0
Café,Eje Cafetero,24.9,42.7,5.0,0.62,0,0
Café,Llanos Orientales,20.7,52.4,6.19,0.629,0,0
Café,Llanos Orientales,19.8,73.9,5.05,0.972,0,0
Café,Región Andina,18.4,84.1,5.51,1.067,0,0
Papa,Llanos Orientales,28.6,43.7,5.18,14.326,0,0
Café,Valle del Cauca,20.1,47.0,5.09,0.711,0,0
Café,Valle del Cauca,20.4,84.7,6.26,1.094,0,0
Maíz,Región Andina,22.6,22.8,6.69,0.597,0,1
Arroz,Valle del Cauca,22.9,36.1,6.9,2.537,0,0
Arroz,Valle del Cauca,19.1,75.7,6.5,6.527,0,0
Arroz,Región Caribe,23.9,26.1,5.19,2.183,0,1
Café,Eje Cafetero,22.5,57.7,6.62,0.885,0,0
Arroz,Región Andina,21.1,49.4,5.96,4.057,0,0
Papa,Valle del Cauca,26.3,57.0,6.12,14.439,0,0
Papa,Valle del Cauca,21.8,71.3,8.31,21.204,0,0
Maíz,Eje Cafetero,15.7,30.1,6.16,0.575,0,0
Maíz,Valle del Cauca,15.5,66.5,7.77,1.765,0,0
Arroz,Llanos Orientales,25.0,20.6,5.85,1.613,0,1
Arroz,Región Andina,27.0,65.2,6.78,4.27,0,0
Arroz,Región Andina,22.7,71.9,5.33,5.033,0,0
Arroz,Llanos Orientales,21.4,48.2,8.5,3.696,0,0
Plátano,Eje Cafetero,26.1,53.9,6.67,7.313,0,0
Café,Eje Cafetero,19.1,47.8,5.24,0.632,0,0
Arroz,Valle del Cauca,15.1,83.0,6.05,5.003,0,0
Arroz,Región Andina,21.6,50.1,4.44,4.514,0,0
Papa,Eje Cafetero,20.6,61.0,6.62,19.121,0,0
Arroz,Región Caribe,22.7,81.3,7.07,7.13,0,0
Café,Valle del Cauca,16.2,53.3,6.72,0.548,0,0
Papa,Región Andina,29.3,58.3,7.64,14.547,0,0
Maíz,Valle del Cauca,20.2,79.4,7.4,2.389,0,0
Maíz,Región Andina,18.7,72.2,7.27,1.863,0,0
Café,Llanos Orientales,16.8,69.5,5.1,0.785,0,0
Arroz,Valle del Cauca,25.1,42.2,4.3,3.747,0,0
Papa,Región Caribe,20.1,64.0,5.56,20.335,0,0
Café,Región Caribe,27.7,76.4,5.47,1.004,0,0
Arroz,Región Andina,16.8,53.7,4.88,3.381,0,0
Papa,Valle del Cauca,23.6,57.8,8.12,22.22,0,0
Arroz,Eje Cafetero,27.2,64.5,5.14,4.882,0,0
Maíz,Eje Cafetero,23.2,43.3,7.0,1.2,0,0
Café,Valle del Cauca,15.9,38.0,6.48,0.403,0,0
Papa,Eje Cafetero,18.9,72.9,8.33,25.603,0,0
Arroz,Llanos Orientales,23.1,42.3,6.85,2.898,0,0
Maíz,Región Caribe,25.5,45.7,5.95,0.963,0,0
Maíz,Eje Cafetero,21.4,52.3,5.6,1.553,0,0
Plátano,Llanos Orientales,23.3,57.4,5.82,8.397,0,0
Arroz,Región Caribe,14.5,34.2,6.62,2.371,0,0
Maíz,Eje Cafetero,30.9,64.1,6.2,1.415,1,0
Café,Valle del Cauca,20.2,65.2,5.62,0.843,0,0
Maíz,Región Andina,22.7,71.1,7.17,1.852,0,0
Café,Región Andina,20.0,18.9,6.71,0.223,0,1
Maíz,Valle del Cauca,17.2,66.2,6.1,1.402,0,0
Café,Valle del Cauca,23.0,33.6,6.89,0.507,0,0
Maíz,Eje Cafetero,27.4,62.2,5.49,1.342,0,0
Plátano,Región Caribe,25.9,51.0,6.45,7.296,0,0
Café,Valle del Cauca,25.1,84.6,6.7,1.155,0,0
Café,Región Andina,13.5,45.9,7.0,0.478,0,0
Café,Valle del Cauca,17.5,57.3,5.87,0.596,0,0
Maíz,Llanos Orientales,22.8,58.1,6.04,1.697,0,0
Arroz,Región Caribe,27.6,66.5,7.03,4.247,0,0
Arroz,Eje Cafetero,28.3,70.8,5.2,5.84,0,0
Café,Valle del Cauca,13.8,66.5,6.46,0.698,0,0
Maíz,Valle del Cauca,20.9,72.2,5.93,1.833,0,0
Plátano,Eje Cafetero,27.3,51.1,7.6,5.371,0,0
Plátano,Eje Cafetero,25.0,60.6,5.83,8.955,0,0
Café,Llanos Orientales,20.2,81.6,5.61,0.968,0,0
Arroz,Región Andina,28.0,26.1,6.54,1.639,0,1
Café,Llanos Orientales,20.6,79.6,6.11,1.143,0,0
Maíz,Valle del Cauca,25.7,49.5,7.07,1.152,0,0
Maíz,Eje Cafetero,18.1,78.5,6.98,1.902,0,0
Plátano,Llanos Orientales,14.6,76.0,7.63,9.343,0,0
Café,Llanos Orientales,17.0,76.3,5.16,0.896,0,0
Papa,Eje Cafetero,22.7,60.5,7.23,18.067,0,0
Maíz,Región Andina,17.7,50.5,5.54,1.061,0,0
Maíz,Eje Cafetero,21.4,51.5,6.8,1.523,0,0
Maíz,Región Caribe,27.7,57.1,5.5,1.429,0,0
Café,Región Caribe,20.8,19.9,5.67,0.293,0,1
Café,Región Andina,22.1,79.2,6.9,1.23,0,0
Arroz,Eje Cafetero,22.0,48.6,5.59,4.813,0,0
Arroz,Eje Cafetero,21.1,71.1,6.58,4.904,0,0
Maíz,Valle del Cauca,16.9,32.1,5.62,0.763,0,0
Maíz,Región Andina,21.2,52.9,4.87,1.514,0,0
Café,Región Caribe,27.2,36.4,6.8,0.489,0,0
Café,Eje Cafetero,23.5,48.8,4.84,0.621,0,0
Plátano,Valle del Cauca,23.0,71.6,5.73,9.901,0,0
Maíz,Región Caribe,16.6,59.9,4.67,1.376,0,0
Arroz,Región Caribe,17.3,72.1,7.2,6.309,0,0
Arroz,Eje Cafetero,31.2,90.9,6.08,5.463,1,0
Plátano,Región Andina,19.4,73.9,6.23,8.946,0,0
Café,Región Andina,26.1,5.0,6.03,0.059,0,1
Café,Eje Cafetero,24.7,37.2,5.89,0.509,0,0
Papa,Valle del Cauca,22.3,88.6,6.76,28.627,0,0
Café,Eje Cafetero,26.0,58.6,7.29,0.769,0,0
Plátano,Valle del Cauca,23.2,48.4,5.12,6.067,0,0
Arroz,Valle del Cauca,19.1,40.4,7.3,3.131,0,0
Café,Llanos Orientales,9.4,35.9,6.5,0.389,0,0
Maíz,Región Andina,9.8,85.9,6.68,1.842,0,0
Maíz,Región Andina,26.9,58.5,6.08,1.589,0,0
Maíz,Eje Cafetero,22.5,73.6,4.65,1.774,0,0
Papa,Llanos Orientales,30.0,57.9,5.87,18.136,1,0
Café,Región Caribe,21.5,59.4,6.71,0.892,0,0
Café,Llanos Orientales,23.4,65.3,7.46,0.835,0,0
Café,Valle del Cauca,27.4,97.9,8.13,1.351,0,0
Café,Región Andina,24.6,67.7,5.58,0.927,0,0
Café,Región Caribe,19.9,74.9,5.86,1.127,0,0
Papa,Región Caribe,23.3,69.8,6.41,25.553,0,0
Maíz,Llanos Orientales,23.1,35.7,7.13,1.065,0,0
Café,Llanos Orientales,21.6,84.0,5.35,1.312,0,0
Plátano,Eje Cafetero,13.9,62.9,6.92,7.504,0,0
Papa,Región Andina,29.5,46.4,5.76,12.209,0,0
Maíz,Valle del Cauca,20.7,37.3,5.43,0.95,0,0
Maíz,Llanos Orientales,20.2,82.2,7.4,2.063,0,0
Maíz,Valle del Cauca,21.2,76.8,6.68,2.278,0,0
Maíz,Eje Cafetero,23.1,56.8,6.49,1.791,0,0
Maíz,Llanos Orientales,24.3,42.4,5.27,1.146,0,0
Maíz,Región Andina,24.8,41.2,6.97,0.908,0,0
Arroz,Región Andina,19.3,76.2,5.02,5.563,0,0
Maíz,Valle del Cauca,21.7,53.7,6.25,1.451,0,0
Plátano,Llanos Orientales,24.1,38.1,5.83,5.17,0,0
Plátano,Llanos Orientales,21.5,51.8,8.35,6.699,0,0
Café,Región Andina,28.5,58.9,5.77,0.615,0,0
Café,Llanos Orientales,25.6,69.2,6.42,0.786,0,0
Café,Valle del Cauca,27.7,84.6,5.51,1.135,0,0
Papa,Región Caribe,28.7,78.0,5.3,20.751,0,0
Maíz,Región Andina,26.6,61.1,6.75,1.237,0,0
Maíz,Región Caribe,19.9,30.9,7.44,0.902,0,0
Plátano,Región Andina,22.2,40.6,6.23,6.156,0,0
Papa,Región Andina,16.0,68.3,5.95,17.831,0,0
Plátano,Llanos Orientales,20.1,48.3,5.22,5.654,0,0
Café,Región Andina,26.5,71.9,6.95,0.989,0,0
Maíz,Valle del Cauca,23.7,75.6,5.97,2.114,0,0
Arroz,Eje Cafetero,26.9,53.4,6.08,3.464,0,0
Maíz,Región Andina,15.1,36.6,5.33,0.883,0,0
Papa,Región Caribe,20.0,47.7,6.29,15.859,0,0
Café,Valle del Cauca,14.7,39.6,6.33,0.431,0,0
Maíz,Región Caribe,20.6,59.7,5.48,1.798,0,0
Café,Llanos Orientales,18.4,64.0,6.83,0.902,0,0
Arroz,Llanos Orientales,20.0,50.3,5.18,3.952,0,0
Maíz,Eje Cafetero,31.0,66.0,5.9,1.597,1,0
Arroz,Llanos Orientales,22.4,36.3,7.26,3.342,0,0
Plátano,Región Andina,19.4,51.7,7.88,6.807,0,0
Plátano,Eje Cafetero,28.4,80.4,6.17,8.675,0,0
Arroz,Región Andina,22.6,44.0,5.79,4.19,0,0
Café,Llanos Orientales,21.9,75.9,5.69,0.848,0,0
Arroz,Región Andina,19.8,40.4,5.28,3.32,0,0
Maíz,Región Caribe,18.6,19.0,5.98,0.475,0,1
Maíz,Llanos Orientales,14.9,74.3,7.34,1.694,0,0
Café,Llanos Orientales,26.6,69.6,6.09,0.819,0,0
Café,Valle del Cauca,28.8,62.9,6.84,0.812,0,0
Arroz,Llanos Orientales,23.5,61.4,5.92,5.891,0,0
Café,Llanos Orientales,21.1,20.3,5.71,0.306,0,1
Maíz,Llanos Orientales,24.8,87.5,5.12,2.473,0,0
Maíz,Llanos Orientales,20.1,38.9,6.17,0.883,0,0
Café,Región Caribe,18.9,79.1,5.44,0.874,0,0
Arroz,Eje Cafetero,20.2,56.9,5.98,5.176,0,0
Papa,Región Caribe,23.2,45.7,5.81,13.301,0,0
Café,Región Andina,21.4,58.9,4.96,0.78,0,0
Papa,Región Andina,14.9,48.7,6.9,13.06,0,0
Papa,Región Andina,23.7,52.1,7.2,19.602,0,0
Maíz,Región Andina,17.8,62.8,6.35,1.493,0,0
Maíz,Eje Cafetero,17.9,64.3,5.65,1.843,0,0
Café,Región Caribe,24.3,69.8,5.83,1.051,0,0
Plátano,Llanos Orientales,21.6,51.9,6.57,7.414,0,0
Café,Región Caribe,20.0,59.2,6.25,0.85,0,0
Café,Región Andina,26.1,68.6,5.9,0.946,0,0
Café,Eje Cafetero,19.0,40.1,7.29,0.539,0,0
Papa,Valle del Cauca,17.4,42.7,6.12,14.078,0,0
Maíz,Eje Cafetero,17.2,70.2,6.14,1.874,0,0
Arroz,Llanos Orientales,21.3,64.7,5.17,5.325,0,0
Arroz,Eje Cafetero,28.6,67.7,5.86,5.044,0,0
Maíz,Llanos Orientales,20.8,56.4,7.8,1.453,0,0
Maíz,Valle del Cauca,22.8,36.6,7.86,1.138,0,0
Maíz,Valle del Cauca,26.5,78.0,4.36,2.0,0,0
Plátano,Región Caribe,17.0,50.2,6.1,6.811,0,0
Café,Llanos Orientales,24.3,89.3,5.61,0.958,0,0
Maíz,Región Andina,21.1,47.7,7.13,1.334,0,0
Maíz,Región Andina,30.9,77.8,6.76,1.557,1,0
Arroz,Región Caribe,19.9,46.9,6.53,3.991,0,0
Maíz,Valle del Cauca,24.6,87.4,5.6,2.079,0,0
Papa,Eje Cafetero,16.2,49.6,6.5,13.268,0,0
Papa,Región Andina,19.4,42.2,5.11,14.721,0,0
Maíz,Eje Cafetero,20.3,67.6,5.89,1.675,0,0
Maíz,Valle del Cauca,23.4,47.3,8.01,1.304,0,0
Café,Llanos Orientales,24.0,49.3,5.77,0.533,0,0
Papa,Llanos Orientales,24.7,60.5,7.16,22.49,0,0
Arroz,Región Caribe,21.0,29.2,6.85,2.579,0,1
Maíz,Eje Cafetero,25.8,43.0,5.23,1.077,0,0
Arroz,Llanos Orientales,14.1,82.5,6.61,5.367,0,0
Café,Valle del Cauca,27.6,17.9,6.92,0.201,0,1
Papa,Región Andina,27.6,75.5,6.29,22.027,0,0
Café,Valle del Cauca,20.0,56.2,7.29,0.756,0,0
Maíz,Eje Cafetero,26.5,74.0,6.4,1.763,0,0
Maíz,Llanos Orientales,32.9,69.5,6.16,1.627,1,0
Maíz,Región Caribe,23.6,45.8,6.36,1.144,0,0
Café,Llanos Orientales,26.0,39.5,8.04,0.484,0,0
Arroz,Región Andina,13.2,65.4,6.09,3.711,0,0
Café,Región Andina,16.3,17.3,6.03,0.172,0,1
Maíz,Región Andina,23.2,56.1,6.0,1.484,0,0
Plátano,Región Caribe,20.7,75.2,6.81,10.93,0,0
Maíz,Región Andina,14.5,70.4,7.41,1.759,0,0
Plátano,Región Caribe,33.1,48.2,4.81,5.173,1,0
Maíz,Región Andina,21.5,48.1,5.37,1.506,0,0
Café,Región Caribe,23.2,62.9,7.26,0.967,0,0
Arroz,Llanos Orientales,14.5,43.2,6.88,2.757,0,0
Café,Eje Cafetero,25.4,50.9,7.03,0.665,0,0
Papa,Llanos Orientales,24.2,49.6,8.48,13.681,0,0
Maíz,Eje Cafetero,21.0,23.4,7.11,0.656,0,1
Plátano,Llanos Orientales,20.5,68.3,7.83,7.424,0,0
Papa,Región Caribe,18.3,49.7,6.18,14.841,0,0
Maíz,Llanos Orientales,24.0,53.8,6.43,1.253,0,0
Arroz,Eje Cafetero,17.2,63.2,5.09,5.553,0,0
Papa,Valle del Cauca,24.5,38.2,5.91,13.09,0,0
Café,Región Caribe,27.3,32.0,7.24,0.358,0,0
Arroz,Eje Cafetero,22.9,45.0,6.07,3.802,0,0
Plátano,Valle del Cauca,23.0,48.1,4.0,7.082,0,0
Maíz,Llanos Orientales,18.9,75.7,5.76,1.998,0,0
Café,Región Andina,22.6,30.9,5.4,0.466,0,0
Café,Región Caribe,22.4,65.7,7.06,0.734,0,0
Arroz,Región Andina,28.7,5.0,6.46,0.349,0,1
Café,Región Andina,22.4,56.3,6.59,0.889,0,0
Café,Llanos Orientales,30.7,57.4,6.33,0.582,1,0
Arroz,Región Andina,30.9,96.3,4.94,6.461,1,0
Café,Eje Cafetero,26.4,69.8,6.5,0.761,0,0
Plátano,Llanos Orientales,24.0,68.4,6.61,9.514,0,0
Plátano,Región Caribe,30.5,63.7,4.75,6.727,1,0
Maíz,Llanos Orientales,23.8,71.6,5.95,1.759,0,0
Maíz,Valle del Cauca,21.8,36.8,5.72,0.914,0,0
Papa,Llanos Orientales,16.6,55.7,5.24,16.891,0,0
Papa,Región Caribe,23.6,35.4,7.2,13.176,0,0
Arroz,Valle del Cauca,19.4,71.4,5.82,5.612,0,0
Maíz,Eje Cafetero,19.6,65.1,7.24,1.851,0,0
Maíz,Llanos Orientales,20.0,48.6,8.15,1.363,0,0
Arroz,Región Caribe,26.7,62.5,6.96,4.761,0,0
Maíz,Eje Cafetero,15.6,41.0,5.84,0.799,0,0
Arroz,Llanos Orientales,24.3,65.7,6.71,4.709,0,0
Café,Valle del Cauca,29.0,59.4,6.56,0.554,0,0
Café,Llanos Orientales,24.0,57.1,6.17,0.786,0,0
Plátano,Región Caribe,21.2,41.5,4.93,5.151,0,0
Maíz,Eje Cafetero,18.5,33.7,4.0,0.995,0,0
Maíz,Valle del Cauca,20.6,68.8,7.06,1.676,0,0
Plátano,Valle del Cauca,21.6,33.4,6.6,4.021,0,0
Arroz,Llanos Orientales,13.0,79.4,5.08,5.298,0,0
Papa,Valle del Cauca,20.1,66.3,6.11,19.381,0,0
Café,Región Caribe,19.2,72.6,5.85,0.999,0,0
Maíz,Región Caribe,21.9,72.5,5.07,2.068,0,0
Maíz,Eje Cafetero,28.3,62.1,7.11,1.38,0,0
Maíz,Región Andina,18.3,50.8,6.93,1.398,0,0
Arroz,Región Caribe,24.7,91.2,4.43,7.236,0,0
Café,Eje Cafetero,21.7,55.8,5.73,0.728,0,0
Café,Región Caribe,21.0,41.7,6.38,0.593,0,0
Maíz,Región Caribe,19.2,66.3,6.52,1.779,0,0
Maíz,Llanos Orientales,21.6,97.3,6.01,2.911,0,0
Papa,Región Andina,14.0,51.5,4.6,13.954,0,0
Maíz,Llanos Orientales,24.8,13.2,6.79,0.372,0,1
Café,Eje Cafetero,22.7,63.5,5.97,0.899,0,0
Café,Valle del Cauca,26.6,58.7,6.98,0.728,0,0
Arroz,Valle del Cauca,28.1,35.7,5.49,2.446,0,0
Plátano,Región Andina,21.0,47.3,6.79,5.802,0,0
Café,Región Caribe,13.6,67.6,5.39,0.812,0,0
Maíz,Región Andina,23.7,56.0,5.53,1.236,0,0
Café,Región Caribe,19.8,47.0,5.75,0.649,0,0
Plátano,Valle del Cauca,19.4,39.8,4.58,4.599,0,0
Arroz,Región Caribe,20.3,25.3,6.23,1.981,0,1
Arroz,Región Caribe,18.9,90.9,7.1,7.781,0,0
Café,Región Andina,19.9,63.8,4.99,0.845,0,0
Maíz,Valle del Cauca,27.4,41.1,7.1,1.065,0,0
Café,Región Caribe,18.5,52.0,5.25,0.738,0,0
Café,Región Andina,23.0,66.8,6.67,0.867,0,0
Maíz,Valle del Cauca,17.8,55.6,6.44,1.464,0,0
Café,Región Caribe,21.8,34.7,6.98,0.509,0,0
Café,Eje Cafetero,18.3,64.1,5.71,0.783,0,0
Café,Llanos Orientales,18.1,52.6,6.23,0.551,0,0
Papa,Región Caribe,18.9,60.0,6.71,21.806,0,0
Papa,Llanos Orientales,18.9,35.1,5.74,11.315,0,0
Arroz,Región Andina,16.0,51.0,4.69,3.334,0,0
Maíz,Eje Cafetero,22.3,46.8,5.61,1.3,0,0
Maíz,Valle del Cauca,27.8,49.8,6.13,1.016,0,0
Café,Región Caribe,26.4,63.3,7.03,0.689,0,0
Café,Región Caribe,20.6,38.4,7.15,0.514,0,0
Maíz,Valle del Cauca,31.7,68.9,6.05,1.363,1,0
Arroz,Eje Cafetero,23.7,76.1,6.57,5.846,0,0
Café,Llanos Orientales,21.5,83.8,6.81,0.982,0,0
Café,Región Caribe,23.4,83.2,5.39,1.175,0,0
Maíz,Llanos Orientales,15.8,38.2,6.64,1.033,0,0
Maíz,Eje Cafetero,19.5,39.8,7.04,0.984,0,0
Maíz,Llanos Orientales,19.0,56.6,5.95,1.603,0,0
Papa,Región Caribe,22.6,51.1,4.38,17.829,0,0
Café,Llanos Orientales,21.0,39.7,6.36,0.468,0,0
Plátano,Valle del Cauca,22.0,63.5,4.0,7.574,0,0
Maíz,Región Andina,25.4,46.9,6.54,1.223,0,0
Café,Valle del Cauca,19.9,47.2,5.2,0.594,0,0
Café,Eje Cafetero,25.0,36.5,6.15,0.465,0,0
Café,Eje Cafetero,24.5,34.0,6.06,0.427,0,0
Café,Región Andina,21.7,33.3,5.59,0.5,0,0
Arroz,Región Andina,36.1,17.9,6.51,0.883,1,1
Papa,Eje Cafetero,23.5,40.3,7.57,13.426,0,0
Papa,Eje Cafetero,19.0,66.5,6.52,20.057,0,0
Café,Valle del Cauca,33.7,78.6,6.41,0.706,1,0
Café,Llanos Orientales,25.4,60.6,6.55,0.883,0,0
Café,Llanos Orientales,22.7,50.4,4.37,0.73,0,0
Maíz,Eje Cafetero,28.4,54.7,5.32,1.435,0,0
Papa,Llanos Orientales,17.1,44.6,5.96,15.325,0,0
Arroz,Llanos Orientales,24.2,60.3,6.39,4.929,0,0
Plátano,Llanos Orientales,28.4,45.6,6.78,4.999,0,0
Maíz,Región Caribe,19.8,49.4,6.56,1.25,0,0
Plátano,Valle del Cauca,18.2,18.9,8.25,2.597,0,1
Maíz,Valle del Cauca,23.5,77.4,5.05,2.21,0,0
Maíz,Valle del Cauca,19.6,40.3,7.06,0.86,0,0
Arroz,Valle del Cauca,16.6,60.1,4.46,3.969,0,0
Papa,Eje Cafetero,20.2,56.6,5.88,18.094,0,0
Café,Región Andina,18.7,49.5,6.88,0.734,0,0
Café,Región Caribe,20.1,28.0,6.89,0.331,0,1
Maíz,Región Caribe,28.4,45.0,7.09,1.22,0,0
Arroz,Región Andina,19.7,57.7,6.61,4.079,0,0
Café,Eje Cafetero,21.0,50.9,6.75,0.778,0,0
Plátano,Región Andina,20.4,42.1,6.41,6.186,0,0
Café,Región Andina,28.7,65.6,6.06,0.798,0,0
Papa,Región Caribe,34.1,43.1,7.35,11.441,1,0
Café,Llanos Orientales,24.3,57.5,6.35,0.773,0,0
Plátano,Región Andina,30.9,71.9,5.52,8.916,1,0
Arroz,Eje Cafetero,24.6,62.1,4.79,5.49,0,0
Arroz,Valle del Cauca,21.6,55.2,5.67,4.314,0,0
Maíz,Región Andina,18.6,34.1,5.43,0.938,0,0
Maíz,Llanos Orientales,26.9,63.0,7.92,1.77,0,0
Papa,Región Caribe,17.6,50.3,6.42,16.169,0,0
Café,Región Caribe,19.6,56.7,4.77,0.605,0,0
Papa,Región Andina,24.8,33.6,5.94,9.367,0,0
Arroz,Región Andina,27.5,25.0,7.22,2.103,0,1
Arroz,Región Andina,31.3,73.5,6.27,5.564,1,0
Café,Región Caribe,27.2,63.2,7.09,0.872,0,0
Café,Eje Cafetero,24.0,70.8,5.7,0.872,0,0
Café,Valle del Cauca,18.3,84.2,5.73,0.92,0,0
Café,Región Caribe,16.9,61.5,5.72,0.659,0,0
Plátano,Región Caribe,15.6,51.7,5.34,6.511,0,0
Arroz,Llanos Orientales,19.1,43.0,5.97,3.369,0,0
Arroz,Valle del Cauca,24.2,19.2,5.87,1.297,0,1
Maíz,Región Andina,22.6,35.7,5.8,1.097,0,0
Maíz,Valle del Cauca,24.7,35.7,6.58,0.885,0,0
Arroz,Valle del Cauca,16.7,41.1,6.0,2.604,0,0
Arroz,Llanos Orientales,28.8,69.0,5.49,4.068,0,0
Café,Llanos Orientales,25.9,53.7,5.35,0.669,0,0
Café,Valle del Cauca,17.3,74.2,5.53,0.908,0,0
Papa,Llanos Orientales,24.9,80.6,8.03,26.978,0,0
Papa,Región Caribe,20.0,64.8,7.0,20.405,0,0
Café,Valle del Cauca,25.6,45.7,5.22,0.582,0,0
Papa,Región Caribe,27.4,55.3,5.82,13.822,0,0
Maíz,Región Andina,26.7,16.1,6.3,0.346,0,1
Café,Región Andina,20.7,43.9,4.78,0.589,0,0
Café,Eje Cafetero,22.0,55.2,6.19,0.802,0,0
Café,Región Andina,19.0,58.8,4.88,0.662,0,0
Plátano,Región Andina,21.7,36.2,6.91,4.237,0,0
Papa,Región Andina,15.2,48.7,7.65,11.863,0,0
Café,Región Caribe,19.0,77.4,5.97,0.811,0,0
Arroz,Región Andina,18.7,28.7,6.33,2.262,0,1
Café,Región Andina,22.4,25.1,5.26,0.332,0,1
Arroz,Región Andina,22.3,23.1,7.14,2.226,0,1
Papa,Llanos Orientales,21.1,40.3,7.24,14.266,0,0
Arroz,Eje Cafetero,17.6,65.3,6.48,4.825,0,0
Arroz,Región Andina,22.1,50.7,5.24,4.838,0,0
Plátano,Llanos Orientales,18.8,86.3,6.57,9.144,0,0
Arroz,Región Caribe,24.4,65.9,6.72,5.682,0,0
Café,Eje Cafetero,20.4,83.9,5.7,1.161,0,0
Plátano,Llanos Orientales,22.8,55.7,5.39,6.688,0,0
Maíz,Región Caribe,18.5,39.4,5.41,0.976,0,0
Café,Región Caribe,24.5,47.9,4.51,0.545,0,0
Arroz,Llanos Orientales,21.7,53.6,7.1,4.633,0,0
Arroz,Región Andina,21.8,64.4,6.39,5.144,0,0
Café,Eje Cafetero,25.3,32.6,6.06,0.435,0,0
Arroz,Llanos Orientales,27.7,50.6,7.15,4.019,0,0
Papa,Región Caribe,21.0,64.0,5.62,17.886,0,0
Papa,Valle del Cauca,15.7,22.3,7.88,6.504,0,1
Café,Valle del Cauca,26.2,55.1,6.75,0.708,0,0
Café,Región Andina,20.2,35.0,6.85,0.505,0,0
Maíz,Llanos Orientales,18.9,29.6,5.03,0.702,0,1
Arroz,Región Caribe,15.4,77.1,7.8,5.547,0,0
Arroz,Región Andina,18.5,94.8,7.02,8.594,0,0
Arroz,Región Caribe,22.7,61.7,4.35,5.453,0,0
Café,Eje Cafetero,13.7,45.6,5.11,0.516,0,0
Café,Llanos Orientales,23.9,33.0,4.65,0.438,0,0
Plátano,Valle del Cauca,22.9,31.8,5.64,3.498,0,0
Plátano,Valle del Cauca,21.9,46.2,4.2,5.77,0,0
Café,Región Andina,21.5,57.4,5.47,0.903,0,0
Papa,Eje Cafetero,21.7,34.7,5.31,12.727,0,0
Café,Eje Cafetero,23.3,61.5,7.27,0.743,0,0
Café,Región Andina,19.0,50.0,6.65,0.614,0,0
Café,Región Caribe,27.1,42.9,6.02,0.489,0,0
Arroz,Eje Cafetero,27.0,66.7,7.4,5.522,0,0
Maíz,Llanos Orientales,24.5,44.0,7.0,1.002,0,0
Maíz,Eje Cafetero,23.0,46.3,5.2,1.354,0,0
Arroz,Región Andina,20.8,29.4,6.1,2.451,0,1
Maíz,Valle del Cauca,20.9,27.5,4.85,0.736,0,1
Café,Valle del Cauca,18.9,87.3,6.57,0.906,0,0
Arroz,Eje Cafetero,25.5,90.3,6.5,6.351,0,0
Maíz,Región Caribe,27.7,74.6,7.42,1.957,0,0
Plátano,Eje Cafetero,20.0,67.1,5.14,7.65,0,0
Café,Llanos Orientales,30.8,66.4,6.38,0.663,1,0
Café,Valle del Cauca,24.1,25.9,8.39,0.388,0,1
Café,Valle del Cauca,15.4,45.8,7.19,0.584,0,0
Café,Valle del Cauca,22.8,36.3,6.0,0.568,0,0
Plátano,Región Caribe,20.6,73.0,4.92,8.058,0,0
Café,Llanos Orientales,18.8,59.0,6.72,0.845,0,0
Arroz,Región Andina,24.3,17.5,5.7,1.551,0,1
Maíz,Valle del Cauca,24.8,49.5,6.37,1.275,0,0
Café,Región Caribe,18.1,75.3,7.42,1.08,0,0
Café,Valle del Cauca,21.7,52.4,6.76,0.766,0,0
Arroz,Eje Cafetero,33.3,87.1,5.58,5.268,1,0
Plátano,Valle del Cauca,26.7,66.5,5.56,7.424,0,0
Café,Llanos Orientales,23.4,42.8,4.73,0.475,0,0
Arroz,Región Andina,27.5,52.7,4.93,3.847,0,0
Café,Región Caribe,28.8,37.0,5.83,0.428,0,0
Papa,Eje Cafetero,15.5,78.2,6.32,26.299,0,0
Maíz,Valle del Cauca,21.9,45.6,6.93,1.296,0,0
Maíz,Llanos Orientales,19.9,45.5,6.31,1.344,0,0
Maíz,Región Andina,27.6,77.5,6.61,1.798,0,0
Arroz,Región Caribe,24.8,42.4,6.48,3.294,0,0
Maíz,Valle del Cauca,27.6,83.4,6.99,1.988,0,0
Arroz,Valle del Cauca,28.1,67.2,4.76,4.928,0,0
Maíz,Valle del Cauca,16.3,46.9,6.76,1.178,0,0
Maíz,Eje Cafetero,15.6,25.3,6.43,0.494,0,1
Arroz,Región Caribe,20.8,46.1,6.25,3.627,0,0
Papa,Región Andina,24.0,54.1,7.12,18.827,0,0
Café,Llanos Orientales,17.2,37.1,5.11,0.504,0,0
Maíz,Región Andina,8.5,43.5,6.66,0.828,0,0
Café,Región Andina,17.0,26.3,6.1,0.355,0,1
Maíz,Llanos Orientales,22.3,26.7,6.53,0.853,0,1
Arroz,Eje Cafetero,23.8,46.0,6.03,3.343,0,0
Maíz,Eje Cafetero,21.0,49.8,7.13,1.176,0,0
Maíz,Región Caribe,19.7,64.2,5.64,1.554,0,0
Plátano,Eje Cafetero,16.9,47.8,5.91,5.544,0,0
Café,Llanos Orientales,27.2,66.4,7.92,0.914,0,0
Arroz,Valle del Cauca,24.4,75.1,6.06,5.206,0,0
Café,Llanos Orientales,17.8,39.9,5.58,0.501,0,0
Café,Región Andina,19.3,54.8,5.37,0.779,0,0
Arroz,Región Caribe,21.8,81.5,6.36,7.529,0,0
Café,Región Caribe,18.4,72.4,6.27,0.822,0,0
Café,Eje Cafetero,21.4,66.7,7.46,0.961,0,0
Plátano,Llanos Orientales,23.5,39.5,5.27,5.701,0,0
Maíz,Región Andina,19.8,59.4,6.98,1.406,0,0
Café,Valle del Cauca,26.9,32.6,6.62,0.358,0,0
Arroz,Llanos Orientales,28.4,52.7,5.96,3.452,0,0
Café,Llanos Orientales,17.6,63.2,5.97,0.759,0,0
Maíz,Región Andina,15.2,64.9,6.13,1.562,0,0
Café,Valle del Cauca,14.3,83.0,4.75,0.831,0,0
Maíz,Eje Cafetero,21.8,45.5,5.28,1.331,0,0
Plátano,Región Andina,20.7,37.4,6.04,4.237,0,0
Arroz,Región Andina,21.8,58.3,6.4,5.676,0,0
Arroz,Eje Cafetero,20.9,67.4,5.84,4.709,0,0
Papa,Valle del Cauca,14.5,40.5,5.25,12.788,0,0
Arroz,Región Caribe,17.1,48.9,6.2,4.171,0,0
Café,Región Caribe,18.9,73.5,6.96,0.893,0,0
Café,Región Andina,23.4,50.6,6.58,0.614,0,0
Maíz,Eje Cafetero,31.4,46.7,5.95,1.131,1,0
Arroz,Región Andina,20.0,66.4,5.28,5.875,0,0
Papa,Eje Cafetero,24.4,60.5,4.94,18.62,0,0
Café,Región Caribe,18.4,63.0,7.26,0.88,0,0
Maíz,Eje Cafetero,20.2,64.7,7.05,1.681,0,0
Arroz,Valle del Cauca,22.9,34.9,4.83,3.358,0,0
Café,Eje Cafetero,27.6,40.8,5.11,0.56,0,0
Arroz,Valle del Cauca,30.2,60.9,7.26,3.905,1,0
Papa,Llanos Orientales,22.2,58.8,6.7,21.862,0,0
Maíz,Llanos Orientales,17.6,42.3,6.89,1.202,0,0
Maíz,Región Caribe,21.5,61.0,6.55,1.778,0,0
Café,Región Andina,20.5,46.8,6.4,0.593,0,0
Arroz,Llanos Orientales,11.8,56.9,4.97,3.247,0,0
Arroz,Eje Cafetero,31.6,49.8,6.84,3.496,1,0
Arroz,Eje Cafetero,23.9,32.2,5.99,2.931,0,0
Café,Llanos Orientales,21.2,74.9,7.24,1.126,0,0
Café,Región Andina,16.3,61.8,7.05,0.705,0,0
Plátano,Llanos Orientales,20.4,42.7,5.37,6.422,0,0
Maíz,Eje Cafetero,21.2,94.1,7.5,2.534,0,0
Plátano,Región Caribe,14.5,57.1,6.4,6.784,0,0
Café,Región Andina,30.1,86.2,6.13,1.005,1,0
Maíz,Región Caribe,24.7,33.7,5.64,0.891,0,0
Café,Región Andina,32.4,40.6,4.0,0.348,1,0
Café,Región Andina,10.6,81.5,6.57,0.735,0,0
Maíz,Llanos Orientales,21.9,49.3,7.65,1.513,0,0
Papa,Eje Cafetero,12.5,44.3,6.0,10.27,0,0
Plátano,Región Andina,29.0,36.2,4.94,4.595,0,0
Maíz,Región Andina,24.0,59.0,6.16,1.69,0,0
Plátano,Región Caribe,30.8,19.2,5.92,1.809,1,1
Maíz,Región Andina,24.8,59.1,4.9,1.338,0,0
Café,Región Caribe,16.5,34.3,7.57,0.396,0,0
Arroz,Eje Cafetero,15.8,44.2,5.71,3.124,0,0
Arroz,Valle del Cauca,13.5,64.6,6.16,4.362,0,0
Arroz,Región Andina,17.2,19.0,4.96,1.356,0,1
Papa,Valle del Cauca,26.5,42.5,6.69,11.712,0,0
Papa,Región Caribe,14.1,61.5,7.25,14.945,0,0
Maíz,Región Andina,21.7,41.0,5.96,0.97,0,0
Maíz,Valle del Cauca,20.9,76.3,7.01,2.182,0,0
Café,Región Caribe,29.4,54.3,4.56,0.551,0,0
Arroz,Región Caribe,22.8,35.1,5.17,2.462,0,0
Arroz,Valle del Cauca,23.5,64.9,4.87,5.333,0,0
Maíz,Eje Cafetero,23.5,69.2,6.14,1.509,0,0
Café,Llanos Orientales,24.3,43.0,7.12,0.457,0,0
Café,Región Caribe,23.4,48.5,6.36,0.639,0,0
Maíz,Eje Cafetero,19.9,48.4,7.36,1.051,0,0
Plátano,Valle del Cauca,22.4,68.6,5.86,8.785,0,0
Maíz,Valle del Cauca,24.2,54.2,7.02,1.37,0,0
Café,Llanos Orientales,15.5,87.8,5.89,0.855,0,0
Arroz,Valle del Cauca,25.5,71.6,5.1,6.329,0,0
Arroz,Llanos Orientales,33.2,31.7,5.51,1.772,1,0
Maíz,Región Caribe,20.7,72.2,5.77,1.915,0,0
Arroz,Valle del Cauca,19.1,70.7,6.5,5.768,0,0
Arroz,Región Andina,23.4,44.4,6.37,4.207,0,0
Plátano,Valle del Cauca,21.4,56.4,4.61,6.693,0,0
Papa,Valle del Cauca,21.0,75.5,5.88,20.998,0,0
Arroz,Llanos Orientales,23.0,53.8,7.25,4.983,0,0
Papa,Valle del Cauca,23.0,53.3,7.31,17.59,0,0
Papa,Eje Cafetero,20.8,55.0,4.46,17.745,0,0
Café,Región Andina,19.5,44.7,6.16,0.634,0,0
Maíz,Valle del Cauca,15.8,58.8,5.22,1.486,0,0
Maíz,Región Andina,19.2,31.2,6.37,0.854,0,0
Arroz,Región Caribe,15.1,62.7,5.32,3.752,0,0
Café,Región Caribe,17.8,62.3,5.73,0.69,0,0
Café,Región Caribe,19.5,73.7,8.5,1.02,0,0
Café,Valle del Cauca,22.7,60.8,6.11,0.907,0,0
Plátano,Región Caribe,20.2,59.0,6.23,8.767,0,0
Maíz,Llanos Orientales,20.6,47.0,6.4,1.19,0,0
Maíz,Valle del Cauca,22.2,73.0,7.26,2.062,0,0
Arroz,Valle del Cauca,19.8,34.6,6.09,2.553,0,0
Maíz,Región Andina,17.2,64.5,4.8,1.529,0,0
Café,Eje Cafetero,26.1,62.3,6.14,0.899,0,0
Arroz,Valle del Cauca,18.4,65.1,6.09,5.827,0,0
Café,Región Caribe,25.6,55.8,6.51,0.737,0,0
Café,Región Andina,23.5,64.7,5.25,0.868,0,0
Café,Llanos Orientales,23.6,61.2,6.66,0.764,0,0
Café,Eje Cafetero,27.0,60.4,7.39,0.596,0,0
Arroz,Región Caribe,25.6,55.9,5.58,4.779,0,0
Maíz,Región Caribe,21.5,36.8,6.04,0.848,0,0
Arroz,Valle del Cauca,23.1,39.1,5.59,3.283,0,0
Café,Región Caribe,21.6,56.0,6.77,0.804,0,0
Café,Región Caribe,20.9,16.4,6.17,0.205,0,1
Maíz,Eje Cafetero,15.9,47.1,6.31,0.968,0,0
Maíz,Eje Cafetero,16.2,77.6,5.51,1.591,0,0
Papa,Región Caribe,13.9,50.7,6.0,13.836,0,0
Arroz,Eje Cafetero,21.6,60.4,5.13,4.378,0,0
Arroz,Región Caribe,19.8,61.5,7.11,5.689,0,0
Café,Región Andina,20.4,57.5,7.1,0.805,0,0
Café,Llanos Orientales,35.1,50.0,6.23,0.445,1,0
Café,Eje Cafetero,23.1,63.5,5.97,0.748,0,0
Maíz,Llanos Orientales,20.2,58.3,5.87,1.473,0,0
Arroz,Valle del Cauca,19.1,18.5,6.56,1.224,0,1
Maíz,Región Andina,23.1,65.7,6.45,2.047,0,0
Café,Región Andina,24.7,58.2,5.84,0.671,0,0
Maíz,Llanos Orientales,23.2,45.4,5.81,1.391,0,0
Plátano,Región Caribe,20.8,61.3,4.24,7.826,0,0
Maíz,Eje Cafetero,21.7,78.9,4.0,2.53,0,0
Café,Región Andina,27.1,87.1,6.79,0.976,0,0
Plátano,Llanos Orientales,16.5,61.6,4.24,7.519,0,0
Maíz,Eje Cafetero,18.7,48.1,6.73,1.107,0,0
Maíz,Región Andina,24.0,76.3,6.07,2.179,0,0
Arroz,Llanos Orientales,28.0,34.8,5.76,2.416,0,0
Arroz,Valle del Cauca,14.8,36.6,7.36,2.49,0,0
Café,Región Andina,20.3,46.4,5.67,0.599,0,0
Maíz,Valle del Cauca,21.9,61.3,5.09,1.433,0,0
Arroz,Región Caribe,27.2,78.2,5.9,5.612,0,0
Café,Eje Cafetero,20.9,69.0,5.82,0.757,0,0
Café,Llanos Orientales,24.1,71.4,6.51,1.052,0,0
Café,Valle del Cauca,30.5,69.4,4.67,0.796,1,0
Café,Eje Cafetero,27.9,5.0,5.1,0.061,0,1
Café,Valle del Cauca,17.9,69.7,7.85,0.798,0,0
Maíz,Región Caribe,19.2,26.7,7.07,0.691,0,1
Arroz,Llanos Orientales,28.3,71.0,5.94,5.911,0,0
Arroz,Llanos Orientales,17.1,87.4,6.39,5.606,0,0
Café,Valle del Cauca,21.6,77.6,6.12,1.116,0,0
Arroz,Valle del Cauca,9.3,41.0,6.13,2.299,0,0
Café,Región Andina,14.0,91.4,6.85,0.961,0,0
Maíz,Valle del Cauca,24.4,32.7,6.27,0.931,0,0
Café,Llanos Orientales,19.2,56.6,6.0,0.668,0,0
Maíz,Eje Cafetero,22.6,49.0,5.89,1.493,0,0
Papa,Región Caribe,17.1,41.6,5.84,11.92,0,0
Café,Llanos Orientales,30.3,83.8,4.9,0.962,1,0
Maíz,Valle del Cauca,16.2,23.8,6.01,0.47,0,1
Maíz,Región Caribe,22.8,81.9,5.55,2.571,0,0
Arroz,Región Caribe,21.5,40.5,6.4,3.226,0,0
Café,Región Caribe,26.2,35.7,8.37,0.375,0,0
Plátano,Región Andina,28.8,63.3,7.96,5.928,0,0
Café,Llanos Orientales,21.3,38.5,7.31,0.597,0,0
Café,Eje Cafetero,16.2,28.5,4.14,0.339,0,1
Café,Eje Cafetero,20.9,8.1,5.85,0.095,0,1
Café,Región Caribe,25.3,82.0,6.86,0.853,0,0
Maíz,Región Andina,22.3,45.6,6.47,1.247,0,0
Maíz,Región Caribe,21.7,27.3,6.12,0.755,0,1
Plátano,Valle del Cauca,24.3,67.9,7.23,9.997,0,0
Plátano,Región Andina,21.7,37.4,5.92,4.865,0,0
Plátano,Región Caribe,18.1,56.4,6.13,6.622,0,0
Arroz,Eje Cafetero,25.5,27.7,6.4,2.513,0,1
Maíz,Llanos Orientales,14.1,63.7,6.66,1.644,0,0
Café,Eje Cafetero,26.4,26.0,6.21,0.326,0,1
Maíz,Valle del Cauca,26.6,40.2,6.19,1.093,0,0
Papa,Región Caribe,15.2,41.8,4.83,10.282,0,0
Maíz,Llanos Orientales,20.5,66.4,6.12,1.866,0,0
Café,Valle del Cauca,25.4,44.7,7.79,0.543,0,0
Arroz,Eje Cafetero,26.4,57.9,7.28,3.984,0,0
Maíz,Región Andina,28.1,44.6,7.3,1.224,0,0
Maíz,Eje Cafetero,26.5,74.0,6.91,1.807,0,0
Arroz,Región Caribe,20.7,69.8,7.74,6.441,0,0
Café,Región Caribe,23.7,41.8,5.44,0.473,0,0
Maíz,Región Andina,29.8,22.5,5.01,0.54,0,1
Arroz,Eje Cafetero,20.5,77.1,4.67,5.813,0,0
Café,Llanos Orientales,26.7,52.2,7.06,0.533,0,0
Plátano,Región Andina,18.6,57.1,7.07,6.331,0,0
Café,Llanos Orientales,21.8,35.7,6.0,0.427,0,0
Café,Eje Cafetero,21.1,56.2,6.55,0.69,0,0
Maíz,Valle del Cauca,13.9,52.8,6.43,1.333,0,0
Café,Valle del Cauca,23.2,48.3,7.41,0.642,0,0
Arroz,Región Caribe,18.5,49.2,6.24,3.475,0,0
Café,Valle del Cauca,17.3,51.6,8.5,0.587,0,0
Café,Llanos Orientales,22.5,65.4,6.62,0.84,0,0
Arroz,Eje Cafetero,32.4,58.7,4.65,3.079,1,0
Maíz,Región Caribe,14.3,71.9,4.65,1.721,0,0
Papa,Eje Cafetero,24.5,73.3,6.4,22.607,0,0
Plátano,Región Andina,14.8,55.1,5.09,6.988,0,0
Arroz,Llanos Orientales,15.4,54.4,7.7,3.448,0,0
Arroz,Región Caribe,31.9,73.1,8.5,4.747,1,0
Papa,Región Andina,24.9,67.7,7.0,24.832,0,0
Maíz,Eje Cafetero,23.9,58.9,4.95,1.819,0,0
Maíz,Llanos Orientales,22.6,49.1,6.2,1.448,0,0
Maíz,Valle del Cauca,14.5,84.2,5.85,1.912,0,0
Café,Región Andina,21.3,53.6,6.6,0.826,0,0
Arroz,Región Caribe,26.8,56.8,5.35,3.963,0,0
Café,Valle del Cauca,11.7,51.2,6.62,0.434,0,0
Plátano,Región Andina,22.7,46.8,7.29,6.216,0,0
Papa,Eje Cafetero,24.6,37.7,6.15,12.737,0,0
Arroz,Valle del Cauca,18.7,53.8,6.24,4.777,0,0
Maíz,Llanos Orientales,21.8,46.2,7.18,1.124,0,0
Papa,Región Caribe,13.7,52.8,7.94,13.587,0,0
Maíz,Valle del Cauca,24.5,31.0,5.66,0.755,0,0
Café,Región Caribe,22.1,58.3,7.08,0.9,0,0
Maíz,Valle del Cauca,23.2,29.2,6.07,0.798,0,1
Arroz,Eje Cafetero,17.3,59.0,5.66,4.403,0,0
Café,Eje Cafetero,24.4,22.5,5.58,0.256,0,1
Maíz,Región Caribe,21.8,57.6,4.82,1.365,0,0
Maíz,Región Andina,23.9,44.9,6.57,0.967,0,0
Café,Valle del Cauca,23.1,74.0,5.99,0.845,0,0
Café,Región Caribe,19.8,56.3,8.4,0.646,0,0
Café,Llanos Orientales,23.4,73.0,6.99,0.963,0,0
Papa,Llanos Orientales,17.8,38.3,6.71,13.74,0,0
Arroz,Región Andina,25.9,59.3,5.72,4.104,0,0
Café,Llanos Orientales,18.9,51.3,7.74,0.618,0,0
Arroz,Región Andina,27.0,34.8,6.92,2.677,0,0
Café,Región Caribe,27.7,9.1,5.84,0.098,0,1
Café,Región Caribe,8.5,72.1,5.92,0.627,0,0
Café,Valle del Cauca,28.3,53.6,6.0,0.676,0,0
Maíz,Región Andina,20.2,64.4,5.65,1.698,0,0
Café,Llanos Orientales,25.4,71.9,4.51,1.003,0,0
Arroz,Eje Cafetero,24.9,58.7,4.93,4.856,0,0
Maíz,Eje Cafetero,21.8,30.0,7.37,0.897,0,1
Café,Región Andina,20.0,67.1,5.87,0.804,0,0
Papa,Llanos Orientales,21.0,48.7,7.12,18.783,0,0
Plátano,Llanos Orientales,20.8,47.7,5.35,7.076,0,0
Papa,Eje Cafetero,33.9,77.4,7.45,21.316,1,0
Arroz,Región Caribe,20.2,44.0,6.91,3.952,0,0
Café,Eje Cafetero,15.7,56.4,6.83,0.748,0,0
Arroz,Eje Cafetero,27.8,56.9,6.83,3.587,0,0
Maíz,Valle del Cauca,16.9,99.1,4.94,2.107,0,0
Arroz,Valle del Cauca,26.3,47.7,7.39,3.483,0,0
Plátano,Eje Cafetero,19.0,79.5,4.0,10.582,0,0
Maíz,Llanos Orientales,20.3,70.3,4.84,1.767,0,0
Maíz,Región Andina,29.5,59.5,6.79,1.433,0,0
Plátano,Región Andina,23.5,33.8,7.66,5.082,0,0
Papa,Valle del Cauca,20.1,58.3,6.11,21.255,0,0
Café,Valle del Cauca,23.4,44.6,5.01,0.621,0,0
Café,Región Caribe,18.2,20.2,5.09,0.254,0,1
Café,Eje Cafetero,16.4,37.6,5.29,0.48,0,0
Café,Eje Cafetero,28.2,62.6,5.98,0.736,0,0
Arroz,Región Andina,23.6,32.2,5.39,2.474,0,0
Arroz,Región Caribe,29.5,68.1,7.33,3.906,0,0
Café,Región Caribe,22.4,58.9,5.8,0.765,0,0
Café,Eje Cafetero,22.3,59.6,5.47,0.858,0,0
Café,Región Andina,21.6,64.9,5.07,0.882,0,0
Maíz,Valle del Cauca,21.3,75.0,6.62,2.159,0,0
Maíz,Región Andina,16.7,29.8,4.52,0.822,0,1
Café,Eje Cafetero,20.5,67.9,6.35,0.808,0,0
Café,Región Caribe,24.2,61.9,8.24,0.748,0,0
Café,Llanos Orientales,21.4,69.1,7.26,0.94,0,0
Arroz,Eje Cafetero,19.6,58.7,6.01,4.184,0,0
Plátano,Región Andina,27.1,51.4,6.32,5.818,0,0
Café,Llanos Orientales,16.1,48.7,6.83,0.606,0,0
Arroz,Valle del Cauca,17.5,50.2,7.24,3.957,0,0
Maíz,Valle del Cauca,19.3,35.3,6.55,0.767,0,0
Arroz,Llanos Orientales,25.6,28.1,6.25,2.348,0,1
Maíz,Región Andina,23.3,67.3,4.27,2.082,0,0
Papa,Valle del Cauca,25.2,85.9,7.01,22.487,0,0
Café,Eje Cafetero,24.4,44.2,4.56,0.54,0,0
Maíz,Llanos Orientales,34.4,50.1,5.6,0.857,1,0
Plátano,Valle del Cauca,19.4,62.4,5.82,7.59,0,0
Café,Región Caribe,25.5,59.9,7.43,0.837,0,0
Café,Llanos Orientales,25.3,58.9,5.65,0.746,0,0
Café,Eje Cafetero,23.5,85.2,5.02,1.167,0,0
Arroz,Llanos Orientales,24.2,63.1,4.39,5.842,0,0
Maíz,Región Caribe,23.0,30.8,4.66,0.916,0,0
Maíz,Región Caribe,15.5,55.9,6.31,1.226,0,0
Plátano,Llanos Orientales,28.3,31.7,6.5,4.027,0,0
Papa,Región Andina,15.2,79.0,4.97,18.65,0,0
Arroz,Valle del Cauca,21.3,45.1,8.27,3.095,0,0
Plátano,Eje Cafetero,18.6,43.2,6.83,5.187,0,0
Café,Valle del Cauca,18.1,55.6,6.8,0.584,0,0
Café,Valle del Cauca,23.1,69.7,6.28,1.089,0,0
Café,Región Caribe,20.7,100.0,5.17,1.534,0,0
Arroz,Llanos Orientales,28.6,43.1,5.74,2.941,0,0
Arroz,Región Andina,28.6,48.1,4.53,3.71,0,0
Arroz,Región Caribe,20.8,27.9,6.33,2.544,0,1
Café,Valle del Cauca,22.4,26.5,5.4,0.353,0,1
Papa,Región Caribe,19.9,90.3,5.58,34.114,0,0
Café,Eje Cafetero,27.0,65.9,5.03,0.802,0,0
Café,Valle del Cauca,20.0,5.0,6.44,0.055,0,1
Café,Valle del Cauca,27.1,83.8,7.08,0.862,0,0
Café,Valle del Cauca,27.7,65.7,4.64,0.813,0,0
